Company Names,Cars Names,Engines,CC/Battery Capacity,HorsePower,Total Speed,Performance(0 - 100 )KM/H,Cars Prices,Fuel Types,Seats,Torque,Cluster,Price Range
MERCEDES, GT 63 S,V8,3982.0,630.0,250.0,3.2,161000.0,Petrol,4,900.0,1,High (100k-200k)
AUDI,AUDI R8 Gt,V10,5204.0,602.0,320.0,3.6,253290.0,Petrol,2,560.0,1,Luxury (>200k)
ASTON MARTIN,VANTAGE F1,V8,3982.0,656.0,314.0,3.6,193440.0,Petrol,2,685.0,1,High (100k-200k)
BENTLEY,Continental GT Azure,V8,3996.0,550.0,318.0,4.0,311000.0,Petrol,4,900.0,1,Luxury (>200k)
FERRARI,F8 TRIBUTO,V8,3900.0,710.0,340.0,2.9,280000.0,Petrol,2,770.0,1,Luxury (>200k)
FERRARI,PORTOFINO,V8,3900.0,592.0,320.0,3.2,210000.0,Petrol,22,760.0,1,Luxury (>200k)
FERRARI,ROMA,V8,3900.0,612.0,320.0,3.4,230000.0,Petrol,22,760.0,1,Luxury (>200k)
FERRARI,F8 SPIDER,V8,3900.0,710.0,340.0,2.9,280000.0,Petrol,2,770.0,1,Luxury (>200k)
FERRARI,PORTOFINO M,V8,3900.0,612.0,320.0,3.2,220000.0,Petrol,22,760.0,1,Luxury (>200k)
FERRARI,ROMA SPIDER,V8,3900.0,612.0,320.0,3.4,240000.0,Petrol,22,760.0,1,Luxury (>200k)
TOYOTA,GR SUPRA,I4,2998.0,382.0,250.0,4.1,53900.0,Petrol,2,500.0,0,Medium (50k-100k)
TOYOTA,TOYOTA 86,BOXER-4,1998.0,205.0,226.0,6.4,27000.0,Petrol,22,205.0,2,Low (<50k)
TOYOTA,TOYOTA  GR86,BOXER-4,2387.0,228.0,226.0,5.6,30000.0,Petrol,4,250.0,0,Low (<50k)
TOYOTA,TOYOTA LAND CRUISER,V8,5663.0,381.0,220.0,6.7,85000.0,Diesel,7,500.0,0,Medium (50k-100k)
TOYOTA,TOYOTA SEQUOIA,V8,5663.0,381.0,200.0,6.9,50000.0,Petrol,7,651.0,0,Low (<50k)
NISSAN,GT-R,V6,3799.0,600.0,315.0,2.9,113000.0,Petrol,4,637.0,1,High (100k-200k)
NISSAN,370Z,V6,3696.0,332.0,250.0,4.7,30000.0,Petrol,2,366.0,0,Low (<50k)
NISSAN,Z PROTO,V6,2998.0,400.0,290.0,4.1,40000.0,Petrol,2,475.0,0,Low (<50k)
NISSAN,ALTIMA,I4,2488.0,188.0,225.0,7.3,25000.0,Petrol,5,380.0,0,Low (<50k)
NISSAN,MAXIMA,V6,3498.0,300.0,240.0,5.8,35000.0,Petrol,5,354.0,0,Low (<50k)
NISSAN,SENTRA,I4,1998.0,149.0,200.0,8.2,20000.0,Petrol,5,240.0,2,Low (<50k)
NISSAN,ROGUE,I4,2488.0,201.0,200.0,7.5,28000.0,Petrol,5,270.0,2,Low (<50k)
NISSAN,PATHFINDER,V6,3498.0,284.0,225.0,6.5,35000.0,Petrol,7,351.0,0,Low (<50k)
NISSAN,FRONTIER,V6,3799.0,310.0,180.0,6.8,30000.0,Petrol,5,381.0,0,Low (<50k)
NISSAN,TITAN,V8,5598.0,400.0,200.0,5.9,40000.0,Petrol,5,560.0,0,Low (<50k)
ASTON MARTIN,DBS SUPERLEGGERA,V12,5204.0,715.0,340.0,3.4,316000.0,Petrol,2,900.0,1,Luxury (>200k)
ASTON MARTIN,DB11,V12,5204.0,600.0,322.0,3.9,208000.0,Petrol,4,700.0,1,Luxury (>200k)
ASTON MARTIN,VANTAGE ,V8,3996.0,503.0,313.0,3.6,142000.0,Petrol,2,685.0,1,High (100k-200k)
ASTON MARTIN,DBX,V8,3996.0,542.0,291.0,4.5,189000.0,Petrol,5,700.0,1,High (100k-200k)
ASTON MARTIN,RAPIDE AMR,V12,5935.0,580.0,328.0,4.2,240000.0,Petrol,4,630.0,1,Luxury (>200k)
ASTON MARTIN,VANQUISH,V12,5935.0,580.0,324.0,3.6,294000.0,Petrol,2,630.0,1,Luxury (>200k)
LAMBORGHINI,HURACAN PERFORMANTE,V10,5204.0,640.0,325.0,2.9,274000.0,Petrol,2,600.0,1,Luxury (>200k)
LAMBORGHINI,HURACAN EVO,V10,5204.0,640.0,325.0,2.9,261000.0,Petrol,2,600.0,1,Luxury (>200k)
LAMBORGHINI,URUS ,V8,3996.0,641.0,305.0,3.6,211000.0,Petrol,5,850.0,1,Luxury (>200k)
LAMBORGHINI,HURACAN SPYDER,V10,5204.0,610.0,325.0,3.4,287000.0,Petrol,2,600.0,1,Luxury (>200k)
LAMBORGHINI,HURACAN  PERFORMANTE SPYDER,V10,5204.0,640.0,325.0,3.1,308000.0,Petrol,2,600.0,1,Luxury (>200k)
LAMBORGHINI,HURACAN EVO SPYDER,V10,5204.0,640.0,325.0,3.1,287000.0,Petrol,2,600.0,1,Luxury (>200k)
LAMBORGHINI,URUS PERFORMANTE,V8,3996.0,641.0,305.0,3.3,242000.0,Petrol,5,850.0,1,Luxury (>200k)
LAMBORGHINI,HURACAN EVO RWD,V10,5204.0,610.0,325.0,3.3,258000.0,Petrol,2,560.0,1,Luxury (>200k)
LAMBORGHINI,URUS S,V8,3996.0,671.0,305.0,3.3,263000.0,Petrol,5,850.0,1,Luxury (>200k)
LAMBORGHINI,HURACAN EVO RWD SPYDER,V10,5204.0,610.0,325.0,3.3,273000.0,Petrol,2,600.0,1,Luxury (>200k)
LAMBORGHINI,URUS GRAPHITE CAPSULE,V8,3998.0,641.0,305.0,3.3,253000.0,Petrol,5,850.0,1,Luxury (>200k)
ROLLS ROYCE,CULLINAN SUV,V12,6749.0,563.0,250.0,5.2,320000.0,Petrol,5,850.0,1,Luxury (>200k)
MERCEDES,BENZ S-CLASS S 580,V8,3982.0,496.0,250.0,4.4,116000.0,Petrol,5,700.0,1,High (100k-200k)
MERCEDES,BENZ E-CLASS E 63 S,V8,3982.0,603.0,250.0,3.4,104000.0,Petrol,5,850.0,1,High (100k-200k)
MERCEDES,BENZ CLA 45 AMG,I4,1991.0,382.0,250.0,4.1,53000.0,Petrol,5,500.0,0,Medium (50k-100k)
MERCEDES,BENZ GLE 63 S,V8,3982.0,603.0,250.0,4.2,113000.0,Petrol,5,850.0,1,High (100k-200k)
MERCEDES,BENZ S-CLASS S 500,V6,2996.0,429.0,250.0,4.9,109000.0,Petrol,5,700.0,0,High (100k-200k)
MERCEDES,BENZ E-CLASS E 450 ,V6,2996.0,362.0,250.0,5.2,62000.0,Petrol,5,500.0,0,Medium (50k-100k)
MERCEDES,BENZ CLS 450,V6,2996.0,362.0,250.0,5.2,70000.0,Petrol,5,500.0,0,Medium (50k-100k)
MERCEDES,BENZ GT 53,V6,2996.0,429.0,250.0,4.5,99000.0,Petrol,5,700.0,0,Medium (50k-100k)
MERCEDES,BENZ GLE 450,V6,2996.0,362.0,250.0,5.5,63000.0,Petrol,5,500.0,0,Medium (50k-100k)
MERCEDES,BENZ A-CLASS A 45 S,I4,1991.0,416.0,250.0,3.9,53000.0,Petrol,5,500.0,0,Medium (50k-100k)
MERCEDES,BENZ C-CLASS C 43,V6,2996.0,402.0,250.0,4.7,52000.0,Petrol,5,520.0,0,Medium (50k-100k)
MERCEDES,BENZ E-CLASS E 350,I4,1991.0,255.0,250.0,5.7,49000.0,Petrol,5,500.0,0,Low (<50k)
MERCEDES,BENZ GLE 350 ,I4,1991.0,255.0,250.0,6.1,53000.0,Petrol,5,500.0,0,Medium (50k-100k)
MERCEDES,BENZ GLC 43,V6,2996.0,402.0,250.0,4.7,54000.0,Petrol,5,520.0,0,Medium (50k-100k)
MERCEDES,BENZ GLA 45,I4,1991.0,382.0,250.0,4.3,48000.0,Petrol,5,500.0,0,Low (<50k)
MERCEDES,BENZ GLC 350 ,I4,1991.0,255.0,250.0,6.1,46000.0,Petrol,5,500.0,0,Low (<50k)
MERCEDES,BENZ GLE 53,V6,2996.0,429.0,250.0,5.2,71000.0,Petrol,5,620.0,0,Medium (50k-100k)
MERCEDES,BENZ S-CLASS S 350,I4,1991.0,255.0,250.0,6.5,90000.0,Petrol,5,500.0,0,Medium (50k-100k)
MERCEDES,BENZ MAYBACH S 680,V12,5980.0,630.0,250.0,4.7,200000.0,Petrol,5,1000.0,1,High (100k-200k)
BMW,M5 CS,V8,4395.0,627.0,305.0,3.0,142000.0,Petrol,5,750.0,1,High (100k-200k)
BMW,M4 GTS,I6,2993.0,493.0,305.0,3.7,133000.0,Petrol,4,600.0,1,High (100k-200k)
BMW,M3 COMPETITION,I6,2993.0,503.0,285.0,3.5,76000.0,Petrol,5,650.0,1,Medium (50k-100k)
BMW,M2 CS,I6,2993.0,444.0,280.0,4.0,83000.0,Petrol,4,550.0,0,Medium (50k-100k)
BMW,X5 M COMPETITION,V8,4935.0,523.0,285.0,4.1,114000.0,Petrol,5,750.0,1,High (100k-200k)
BMW,X3 M COMPETITION,I6,2993.0,503.0,285.0,4.1,69000.0,Petrol,5,650.0,1,Medium (50k-100k)
BMW,M8 GRAN COUPE,V8,4395.0,523.0,305.0,3.3,146000.0,Petrol,5,750.0,1,High (100k-200k)
BMW,M850i DRIVE COUPE,V8,4935.0,523.0,285.0,3.7,108000.0,Petrol,4,750.0,1,High (100k-200k)
AUDI,R8 V10 PLUS,V10,5204.0,610.0,330.0,3.2,194000.0,Petrol,2,560.0,1,High (100k-200k)
AUDI,RS7 SPORTBACK,V8,3993.0,591.0,305.0,3.6,114000.0,Petrol,5,800.0,1,High (100k-200k)
AUDI,S8,V8,3993.0,563.0,305.0,4.3,101000.0,Petrol,5,800.0,1,High (100k-200k)
AUDI,RS6 AVANT,V8,3993.0,591.0,305.0,3.6,109000.0,Petrol,5,800.0,1,High (100k-200k)
AUDI,S7 SPORTBACK,V8,3993.0,563.0,305.0,4.3,96000.0,Petrol,5,650.0,1,Medium (50k-100k)
AUDI,A8,V6,2995.0,335.0,250.0,5.7,86000.0,Petrol,5,600.0,0,Medium (50k-100k)
AUDI,S5 COUPE,V6,2995.0,349.0,250.0,4.8,64000.0,Petrol,4,500.0,0,Medium (50k-100k)
AUDI,SQ5,V6,2995.0,349.0,250.0,5.4,62000.0,Petrol,5,500.0,0,Medium (50k-100k)
AUDI,S4 SEDAN,V6,2995.0,349.0,250.0,4.7,59000.0,Petrol,5,500.0,0,Medium (50k-100k)
AUDI,S3 SEDAN,I4,1984.0,306.0,250.0,4.8,52000.0,Petrol,5,400.0,0,Medium (50k-100k)
AUDI,Q7,V6,2995.0,335.0,250.0,6.3,60000.0,Petrol,7,600.0,0,Medium (50k-100k)
AUDI,Q5,I4,1984.0,248.0,240.0,6.3,43000.0,Petrol,5,500.0,0,Low (<50k)
AUDI,A7,V6,2995.0,335.0,250.0,5.7,68000.0,Petrol,5,600.0,0,Medium (50k-100k)
AUDI,A6,V6,2995.0,335.0,250.0,5.7,58000.0,Petrol,5,600.0,0,Medium (50k-100k)
AUDI,A5 COUPE,I4,1984.0,248.0,240.0,6.3,45000.0,Petrol,4,500.0,0,Low (<50k)
AUDI,A4,I4,1984.0,248.0,240.0,6.5,39000.0,Petrol,5,400.0,0,Low (<50k)
AUDI,Q3,I4,1984.0,248.0,230.0,7.3,35000.0,Petrol,5,400.0,0,Low (<50k)
AUDI,E-TRON,ELECTRIC ,95.0,402.0,200.0,5.5,75000.0,Electric,5,664.0,0,Medium (50k-100k)
AUDI,E-TRON SPORTBACK,ELECTRIC,95.0,402.0,200.0,5.5,78000.0,Electric,5,664.0,0,Medium (50k-100k)
AUDI,TT COUPE,I4,1984.0,248.0,250.0,5.3,49000.0,Petrol,2,400.0,0,Low (<50k)
BMW,I8 ROADSTER,ELECTRIC MOTOR,11.6,369.0,250.0,4.4,165000.0,Hybrid,2,570.0,1,High (100k-200k)
BMW,330i,I4,1998.0,255.0,250.0,5.6,45000.0,Petrol,5,400.0,0,Low (<50k)
BMW,M340i XDRIVE,I6,2998.0,382.0,250.0,4.1,57000.0,Petrol,5,500.0,0,Medium (50k-100k)
BMW,430i COUPE,I4,1998.0,255.0,250.0,5.8,48000.0,Petrol,4,400.0,0,Low (<50k)
BMW,M4 COMPETITION,I6,2993.0,503.0,290.0,3.8,81000.0,Petrol,4,650.0,1,Medium (50k-100k)
BMW,530i,I4,1998.0,248.0,250.0,5.9,57000.0,Petrol,5,400.0,0,Medium (50k-100k)
BMW,M550i XDRIVE,V8,4395.0,523.0,250.0,3.6,78000.0,Petrol,5,650.0,1,Medium (50k-100k)
BMW,118i,I3,1499.0,136.0,213.0,8.5,32000.0,Petrol,5,220.0,2,Low (<50k)
BMW,128ti,I4,1998.0,261.0,250.0,6.1,42000.0,Petrol,5,400.0,0,Low (<50k)
BMW,M135i XDRIVE,I4,1998.0,302.0,250.0,4.8,30000.0,Petrol,5,450.0,0,Low (<50k)
BMW,116D,I3,1496.0,116.0,200.0,10.3,30000.0,Diesel,5,280.0,2,Low (<50k)
BMW,120D XDRIVE,I4,1995.0,190.0,230.0,6.9,38000.0,Diesel,5,400.0,0,Low (<50k)
BMW,116i,I3,1499.0,109.0,200.0,10.9,28000.0,Petrol,5,200.0,2,Low (<50k)
BMW,118D,I4,1995.0,150.0,216.0,8.4,34000.0,Diesel,5,380.0,2,Low (<50k)
BMW,120i,I4,1998.0,178.0,230.0,7.1,37000.0,Petrol,5,300.0,2,Low (<50k)
BMW,125i,I4,1998.0,224.0,240.0,6.1,42000.0,Petrol,5,400.0,0,Low (<50k)
BMW,114D,I3,1496.0,95.0,185.0,12.2,27000.0,Diesel,5,270.0,2,Low (<50k)
BMW,114i,I4,1598.0,102.0,195.0,11.2,26000.0,Petrol,5,200.0,2,Low (<50k)
BMW,125D,I4,1995.0,224.0,240.0,6.3,44000.0,Diesel,5,400.0,0,Low (<50k)
BMW,118i XDRIVE,I3,1499.0,136.0,211.0,8.9,34000.0,Petrol,5,250.0,2,Low (<50k)
BMW,116D EFFICIENTDYNAMICS,I3,1496.0,116.0,200.0,10.9,30000.0,Diesel,5,270.0,2,Low (<50k)
BMW,118i SPORTLINE,I3,1499.0,136.0,213.0,8.5,35000.0,Petrol,5,250.0,2,Low (<50k)
BMW,118i M SPORT,I3,1499.0,136.0,213.0,8.5,37000.0,Petrol,5,250.0,2,Low (<50k)
BMW,120i M SPORT,I4,1998.0,178.0,230.0,7.1,39000.0,Petrol,5,300.0,2,Low (<50k)
BMW,116i EFFICIENTDYNAMICS,I4,1598.0,109.0,195.0,10.9,29000.0,Petrol,5,200.0,2,Low (<50k)
BMW,116D ADVANTAGE,I3,1496.0,116.0,200.0,10.5,31000.0,Diesel,5,270.0,2,Low (<50k)
BMW,120D EFFICIENTDYNAMICS,I4,1995.0,163.0,225.0,7.7,39000.0,Diesel,5,400.0,2,Low (<50k)
BMW,118i SHADOW LINE,I3,1499.0,136.0,213.0,8.5,36000.0,Petrol,5,250.0,2,Low (<50k)
BMW,118D SPORT LINE,I4,1995.0,150.0,216.0,8.4,36000.0,Diesel,5,380.0,2,Low (<50k)
BMW,120i XDRIVE,I4,1998.0,178.0,230.0,7.2,40000.0,Petrol,5,300.0,2,Low (<50k)
BMW,114D SPORT LINE,I3,1496.0,95.0,185.0,12.2,28000.0,Diesel,5,270.0,2,Low (<50k)
BMW,118i URBAN LINE,I3,1499.0,136.0,213.0,8.5,35000.0,Petrol,5,250.0,2,Low (<50k)
VOLVO,XC90,I6,1969.0,247.0,200.0,6.5,60000.0,Petrol/Diesel,7,400.0,0,Medium (50k-100k)
VOLVO,XC60,I6,1969.0,247.0,220.0,6.4,55000.0,Petrol/Diesel,5,400.0,0,Medium (50k-100k)
VOLVO,S90,I6,1969.0,295.0,250.0,5.9,60000.0,Petrol/Diesel,5,400.0,0,Medium (50k-100k)
KIA,SPORTAGE LX,I4,2480.0,187.0,200.0,8.0,27000.0,Petrol,5,250.0,2,Low (<50k)
KIA,SPORTAGE EX,I4,2480.0,187.0,200.0,8.0,30000.0,Petrol,5,250.0,2,Low (<50k)
KIA,SPORTAGE GT-LINE,I4,2480.0,187.0,200.0,8.0,32000.0,Petrol,5,350.0,2,Low (<50k)
KIA,SPORTAGE SX TURBO,I4,1998.0,240.0,210.0,6.7,36000.0,Petrol,5,400.0,0,Low (<50k)
KIA,SPORTAGE NIGHTFALL EDITION,I4,2480.0,187.0,200.0,8.0,33000.0,Petrol,5,350.0,2,Low (<50k)
HONDA,CIVIC TYPE R,I4,1996.0,315.0,272.0,5.7,44000.0,Petrol,5,400.0,0,Low (<50k)
KIA,SPORTAGE 2024(BASE MODEL),I4,2480.0,187.0,200.0,8.0,26000.0,Petrol,5,250.0,2,Low (<50k)
KIA,SPORTAGE 2024(TOP TRIM),I4,1998.0,240.0,210.0,6.7,38000.0,Petrol,5,400.0,0,Low (<50k)
KIA,SPORTAGE 2024(BASE AWD),I4,2480.0,187.0,200.0,8.3,29000.0,Petrol/AWD,5,250.0,2,Low (<50k)
KIA,SPORTAGE X-LINE,I4,2480.0,187.0,200.0,8.0,32500.0,Petrol,5,350.0,2,Low (<50k)
KIA,SPORTAGE 2024(S TRIM),I4,2480.0,187.0,200.0,8.2,28000.0,Petrol,5,250.0,2,Low (<50k)
HONDA,ACCORD,I4,1498.0,192.0,201.0,7.1,29400.0,Petrol,5,370.0,2,Low (<50k)
KIA,SPORTAGE 2024(X-PRO),I4,2480.0,187.0,200.0,8.1,36000.0,Petrol,5,400.0,2,Low (<50k)
KIA,SPORTAGE 2024(X-PRO PRESTIGE),I4,2480.0,187.0,200.0,8.1,38000.0,Petrol,5,400.0,2,Low (<50k)
KIA,SPORTAGE 2024(SX TURBO AWD),I4,1998.0,240.0,210.0,6.5,40000.0,Petrol/AWD,5,400.0,0,Low (<50k)
KIA  ,SPORTAGE 2024(BASE FWD),I4,2480.0,187.0,200.0,8.5,26500.0,Petrol,5,250.0,2,Low (<50k)
HONDA,CR-V,I4,1498.0,190.0,186.0,8.2,30000.0,Petrol/Hybrid,5,400.0,2,Low (<50k)
HONDA,PILOT,V6,3471.0,285.0,209.0,6.3,40000.0,Petrol,8,360.0,0,Low (<50k)
HONDA,CIVIC HATCHBACK,I4,1498.0,180.0,220.0,6.8,26350.0,Petrol,5,300.0,2,Low (<50k)
TOYOTA,CAMRY,V6,3500.0,301.0,220.0,6.0,27000.0,Petrol/Hybrid,5,250.0,0,Low (<50k)
TOYOTA,COROLLA,I4,1798.0,139.0,180.0,9.4,22500.0,Petrol/Hybrid,5,200.0,2,Low (<50k)
TOYOTA,PRIUS,I4,1798.0,121.0,180.0,10.5,26700.0,Hybrid,5,142.0,2,Low (<50k)
TOYOTA,RAV4,I4,2494.0,203.0,200.0,8.1,27100.0,Petrol/Hybrid,5,400.0,2,Low (<50k)
TOYOTA,HIGHLANDER,V6,3456.0,295.0,220.0,7.2,38400.0,Petrol/Hybrid,7,370.0,0,Low (<50k)
TOYOTA,4RUNNER ,V6,3956.0,270.0,200.0,7.5,37400.0,Petrol,5,400.0,0,Low (<50k)
TOYOTA,TACOMA,I4,2694.0,159.0,180.0,9.5,26400.0,Petrol,5,400.0,2,Low (<50k)
TOYOTA,TUNDRA,V8,5663.0,381.0,220.0,6.7,39900.0,Petrol,5,650.0,0,Low (<50k)
TOYOTA,AVALON,V6,3456.0,301.0,220.0,6.9,41400.0,Petrol,5,400.0,0,Low (<50k)
TOYOTA,MIRAI,I4,1798.0,151.0,180.0,9.2,52400.0,Hydrogen,5,335.0,2,Medium (50k-100k)
TOYOTA,SIENNA,V6,2494.0,245.0,190.0,8.0,44150.0,Petrol/Hybrid,7,360.0,2,Low (<50k)
TOYOTA,VENZA,I4,2494.0,219.0,200.0,7.5,33400.0,Hybrid,5,400.0,0,Low (<50k)
TOYOTA,HIGHLANDER HYBRID,V6,3456.0,240.0,220.0,8.2,40400.0,Hybrid,7,350.0,0,Low (<50k)
TOYOTA,LAND CRUISER PRADO,V6,3956.0,282.0,200.0,7.2,49400.0,Petrol/Diesel,7,450.0,0,Low (<50k)
TOYOTA,TUNDRA HYBRID,V6,3456.0,344.0,220.0,6.2,43400.0,Hybrid,5,650.0,0,Low (<50k)
TOYOTA,YARIS,I4,1496.0,106.0,180.0,11.2,18400.0,Petrol,5,150.0,2,Low (<50k)
TOYOTA,C-HR,I4,1986.0,144.0,200.0,10.2,24400.0,Petrol/Hybrid,5,250.0,2,Low (<50k)
TOYOTA,CROWN,HYBRID,2494.0,236.0,200.0,7.6,38400.0,Hybrid,5,400.0,0,Low (<50k)
TOYOTA,MR2,I4,1986.0,168.0,200.0,6.9,29000.0,Petrol,2,400.0,2,Low (<50k)
TOYOTA,CELICA,I4,1986.0,140.0,200.0,8.5,25000.0,Petrol,5,250.0,2,Low (<50k)
HONDA,CITY,I4,1497.0,119.0,180.0,10.2,15400.0,Petrol/Hybrid,5,145.0,2,Low (<50k)
HONDA,CIVIC,I4,1996.0,158.0,200.0,8.5,20400.0,Petrol,5,400.0,2,Low (<50k)
HYUNDAI,I10,"1.2L,4-CYLINDER,INLINE-4(I4)",1197.0,87.0,160.0,12.2,12400.0,Petrol,5,120.0,2,Low (<50k)
HYUNDAI,I20,"1.4L,4-CYLINDER,INLINE-4(I4)",1396.0,99.0,180.0,10.5,15400.0,Petrol/Hybrid,5,250.0,2,Low (<50k)
HYUNDAI,ELANTRA,"2.0L,4-CYLINDER,INLINE-4(I4)",1999.0,147.0,200.0,9.5,18400.0,Petrol/Hybrid,5,250.0,2,Low (<50k)
MAHINDRA,XUV500,"2.2L,4-CYLINDER,INLINE-4(I4)",2179.0,155.0,180.0,10.5,18400.0,Diesel,7,400.0,2,Low (<50k)
MAHINDRA,SCORPIO,"2.2L,4-CYLINDER,INLINE-4(I4)",2179.0,140.0,160.0,11.2,16400.0,Diesel,7,280.0,2,Low (<50k)
MAHINDRA,THAR,"2.0L,4-CYLINDER,INLINE-4(I4)",1997.0,150.0,180.0,10.5,20400.0,Petrol/Diesel,4,320.0,2,Low (<50k)
MARUTI SUZUKI,SWIFT,"1.2L,4-CYLINDER,INLINE-4(I4)",1197.0,83.0,160.0,12.2,10400.0,Petrol,5,113.0,2,Low (<50k)
MARUTI SUZUKI,DZIRE,"1.2L,4-CYLINDER,INLINE-4(I4)",1197.0,83.0,160.0,12.2,11400.0,Petrol/Diesel,5,113.0,2,Low (<50k)
MARUTI SUZUKI,BREZZA,"1.5L,4-CYLINDER,INLINE(I4)",1462.0,103.0,180.0,11.5,14400.0,Petrol,5,200.0,2,Low (<50k)
TOYOTA,PRIUS PRIME,"2.0L,4-CYLINDER,WITH HYBRID SYSTEM",1998.0,220.0,180.0,6.7,31100.0,Plug-in Hybrid,5,220.0,2,Low (<50k)
TOYOTA,GR COROLLA,"1.6L,TURBOCHARGED INLINE-3",1618.0,300.0,230.0,5.0,36995.0,Petrol,5,370.0,0,Low (<50k)
TOYOTA,LAND CRUISER 300,"3.3L,V6,TWIN TURBO DIESEL",3346.0,305.0,210.0,6.8,58500.0,Petrol/Diesel,7,650.0,0,Medium (50k-100k)
TOYOTA,TUNDRA I-FORCE MAX,"3.5L,V6,HYBRID TWIN-TURBO",3445.0,437.0,180.0,6.2,56000.0,Hybrid,5,750.0,0,Medium (50k-100k)
TOYOTA,COROLLA HATCHBACK XSE,"2.0L,INLINE-4",1987.0,169.0,190.0,8.2,25390.0,Petrol,5,250.0,2,Low (<50k)
TOYOTA,MIRAI,"HYDROGEN FUEL CELL,ELECTRIC MOTOR",1.24,152.0,180.0,9.0,49500.0,Hydrogen,5,335.0,2,Low (<50k)
TOYOTA,HILUX GR SPORT,"2.8L,TURBO,DIESEL",2755.0,224.0,170.0,10.0,50000.0,Petrol/Diesel,5,500.0,2,Low (<50k)
TOYOTA,FORTUNER GR SPORT,"2.8L,TURBO,DIESEL",2755.0,204.0,175.0,10.5,55000.0,Diesel/Petrol,7,500.0,2,Medium (50k-100k)
TOYOTA,INNOVA HYCROSS,2.0L HYBRID,1987.0,184.0,165.0,9.5,40000.0,Hybrid,7,250.0,2,Low (<50k)
TOYOTA,COASTER,"4.0L,DIESEL",4009.0,134.0,120.0,7.1,70000.0,Diesel,20,500.0,0,Medium (50k-100k)
TOYOTA,URBAN CRUISER TAISOR,"1.5L,HYBRID",1490.0,114.0,170.0,11.0,25000.0,Petrol,5,130.0,2,Low (<50k)
TOYOTA,AYGO X,"1.0L,INLINE-3",998.0,71.0,160.0,14.8,18000.0,Petrol,4,93.0,2,Low (<50k)
TOYOTA,HILUX REVO ROCCO,"2.8L,TURBO,DIESEL",2755.0,204.0,175.0,10.0,50000.0,Diesel,5,500.0,2,Low (<50k)
TOYOTA,PROACE VERSO ELECTRIC,ELECTRIC MOTOR,75.0,136.0,130.0,13.5,55000.0,Electric,7,280.0,2,Medium (50k-100k)
TOYOTA,CENTURY SUV,"3.5L,V6,PLUG IN HYBRID",3456.0,406.0,200.0,6.0,170000.0,Petrol,5,500.0,0,High (100k-200k)
TOYOTA,COROLLA SEDAN HYBRID,"1.8L,HYBRID",1798.0,134.0,180.0,10.0,24000.0,Hybrid,5,300.0,2,Low (<50k)
TOYOTA,BZ3,ELECTRIC MOTOR,65.0,241.0,160.0,7.5,35000.0,Electric,5,340.0,2,Low (<50k)
TOYOTA,GR YARIS,"1.6L,TURBOCHARGED INLINE-3",1618.0,268.0,230.0,5.5,45000.0,Petrol,4,390.0,0,Low (<50k)
HYUNDAI,SANTA FE,1.6L PETROL + PLUG IN HYBRID SYSTEM,1600.0,253.0,180.0,9.3,50000.0,Petrol/Hybrid,7,420.0,2,Low (<50k)
HYUNDAI,IONIQ 5,ELECTRIC MOTOR,72.6,225.0,185.0,7.4,41000.0,Electric,5,350.0,2,Low (<50k)
HYUNDAI,Santa Cruz,2.5L Turbocharged Inline-4,2500.0,281.0,215.0,6.5,40799.0,Petrol,5,400.0,0,Low (<50k)
HYUNDAI,Kona,1.6L PETROL ,1591.0,147.0,185.0,10.5,20500.0,Petrol/EV,5,400.0,2,Low (<50k)
HYUNDAI,Elantra,2.0L Inline-4,2000.0,147.0,210.0,8.3,19950.0,Petrol/Hybrid,5,250.0,2,Low (<50k)
HYUNDAI,Tucson,2.5L Inline-4,2500.0,187.0,180.0,6.1,30500.0,Petrol/Hybrid,5,400.0,0,Low (<50k)
HYUNDAI,Palisade,3.8L V6,3800.0,291.0,240.0,6.3,52000.0,Petrol,7,355.0,0,Medium (50k-100k)
HYUNDAI,Sonata,2.5L Inline-4,2500.0,191.0,240.0,8.0,25000.0,Petrol/Hybrid,5,250.0,2,Low (<50k)
HYUNDAI,Accent,1.6L Inline-4,1600.0,120.0,180.0,9.8,15000.0,Petrol,5,151.0,2,Low (<50k)
HYUNDAI,Venue,1.6L Inline-4,1600.0,121.0,180.0,9.5,18000.0,Petrol,5,240.0,2,Low (<50k)
HYUNDAI,KONA Electric,Electric Motor,39.2,200.0,200.0,6.1,40000.0,Electric,5,395.0,2,Low (<50k)
HYUNDAI,Veloster,2.0L Inline-4,2000.0,275.0,220.0,6.0,25000.0,Petrol,4,264.0,0,Low (<50k)
HYUNDAI,NEXO,Electric Motor,1.56,161.0,180.0,7.8,38000.0,Hydrogen,5,400.0,2,Low (<50k)
HYUNDAI,Ioniq,1.6L Inline-4,1600.0,139.0,160.0,8.5,18000.0,Hybrid/Electric,5,295.0,2,Low (<50k)
HYUNDAI,Genesis,3.8L V6,3800.0,291.0,240.0,6.3,52000.0,Petrol,5,400.0,0,Medium (50k-100k)
HYUNDAI,Azera,3.3L V6,3300.0,278.0,240.0,6.5,55000.0,Petrol,5,250.0,0,Medium (50k-100k)
HYUNDAI,Equus,3.3L V6,3300.0,278.0,240.0,6.5,55000.0,Petrol,5,400.0,0,Medium (50k-100k)
HYUNDAI,Tiburon,2.0L Inline-4,2000.0,160.0,200.0,8.2,19000.0,Petrol,4,320.0,2,Low (<50k)
HYUNDAI,Elantra GT,1.6L Turbo GDI 4-cylinder,2000.0,160.0,200.0,8.3,22000.0,Petrol,5,320.0,2,Low (<50k)
Volkswagen,Up!,Electric,32.3,82.0,160.0,13.0,15000.0,Petrol,4,95.0,2,Low (<50k)
Nissan,NV1500,4.0L V6,3954.0,261.0,160.0,9.5,33000.0,Petrol,12,385.0,2,Low (<50k)
Volkswagen,ID.3,Electric,5877.0,204.0,160.0,7.3,35000.0,Electric,5,310.0,0,Low (<50k)
Volkswagen,ID. Buzz,Electric,77.0,204.0,145.0,10.2,59995.0,Electric,7,310.0,2,Medium (50k-100k)
Volkswagen,Golf GTI,2.0L Turbo I4,1984.0,245.0,250.0,5.9,31965.0,Petrol,5,350.0,0,Low (<50k)
Volkswagen,Golf R,2.0L Turbo I4,1984.0,315.0,250.0,4.6,44640.0,Petrol,5,420.0,0,Low (<50k)
Volkswagen,Polo GTI,2.0L Turbo I4,1984.0,204.0,238.0,6.7,28000.0,Petrol,5,320.0,0,Low (<50k)
Volkswagen,Up! GTI,1.0L Turbo I3,999.0,115.0,196.0,8.8,20000.0,Petrol,4,200.0,2,Low (<50k)
Volkswagen,ID. Buzz Cargo,Electric,77.0,204.0,145.0,10.2,55000.0,Electric,3,310.0,2,Medium (50k-100k)
Volkswagen,Touareg R,Plug-in Hybrid V6,2995.0,462.0,250.0,5.1,70000.0,Hybrid,5,700.0,0,Medium (50k-100k)
Volkswagen,Scirocco R,2.0L Turbo I4,1984.0,280.0,250.0,5.5,40000.0,Petrol,4,350.0,0,Low (<50k)
Volkswagen,ID.4 GTX,Electric AWD,77.0,299.0,180.0,6.2,50000.0,Electric,5,460.0,2,Low (<50k)
Volkswagen,ID.3 Pro,Electric,58.0,204.0,160.0,7.3,35000.0,Electric,5,310.0,2,Low (<50k)
Volkswagen,Corrado,2.9L VR6,2861.0,190.0,235.0,6.4,25000.0,Petrol,4,245.0,0,Low (<50k)
Volkswagen,Santana,1.5L I4 Gas,1498.0,110.0,190.0,12.9,15000.0,Petrol,5,145.0,2,Low (<50k)
Volkswagen,Golf Electric,Electric,35.8,136.0,140.0,10.4,33000.0,Electric,5,290.0,2,Low (<50k)
Volkswagen,Taos,1.5L I4 Turbo,1498.0,158.0,193.0,8.4,24000.0,Petrol,5,250.0,2,Low (<50k)
Volkswagen,ID.2,Electric,50.0,170.0,160.0,8.0,25000.0,Electric,5,220.0,2,Low (<50k)
Volkswagen,Golf GTE,Plug-in Hybrid (1.4L I4 Turbo),1395.0,204.0,222.0,7.6,40000.0,Hybrid,5,350.0,2,Low (<50k)
Volkswagen,Touareg V8,4.0L V8 Turbo Diesel,3956.0,421.0,250.0,4.9,70000.0,Petrol,5,770.0,0,Medium (50k-100k)
Volkswagen,Beetle Dune,1.4L I4 Turbo,1395.0,150.0,200.0,7.5,30000.0,Petrol,4,250.0,2,Low (<50k)
Volkswagen,ID.4 Pro S,Electric,77.0,201.0,180.0,7.8,45000.0,Electric,5,310.0,2,Low (<50k)
Volkswagen,Golf Country,1.8L I4 Gas,1781.0,98.0,165.0,12.0,25000.0,Petrol,5,170.0,2,Low (<50k)
Volkswagen,Jetta GLI,2.0L I4 Turbo,1984.0,228.0,250.0,6.5,31000.0,Petrol,5,350.0,0,Low (<50k)
Volkswagen,Golf R32,3.2L VR6,3189.0,240.0,250.0,6.2,40000.0,Petrol,5,320.0,0,Low (<50k)
Volkswagen,Scirocco 16V,1.8L I4 Gas,1781.0,137.0,220.0,7.1,35000.0,Petrol,4,230.0,2,Low (<50k)
Volkswagen,Golf Variant GTD,2.0L Diesel I4,1968.0,184.0,230.0,7.5,38000.0,Diesel,5,380.0,2,Low (<50k)
Volkswagen,Polo GTI R5,1.6L Turbocharged Rally Engine,1598.0,272.0,200.0,4.1,45000.0,Petrol,5,400.0,0,Low (<50k)
Volkswagen,ID. Buzz Pro,Electric,77.0,204.0,145.0,10.2,60000.0,Electric,7,310.0,2,Medium (50k-100k)
Volkswagen,Jetta Hybrid,1.4L I4 Turbo + Electric Motor,1395.0,170.0,210.0,8.6,28000.0,Hybrid,5,250.0,2,Low (<50k)
Volkswagen,Volkswagen XL1,Plug-in Hybrid (0.8L I2 Diesel),800.0,68.0,160.0,11.9,150000.0,Hybrid,2,140.0,2,High (100k-200k)
Volkswagen,Polo GTI Clubsport,2.0L I4 Turbo,1984.0,300.0,240.0,6.7,30000.0,Petrol,5,320.0,0,Low (<50k)
Volkswagen,Jetta Hybrid,1.4L I4 Turbo + Electric Motor,1395.0,170.0,210.0,8.6,28000.0,Hybrid,5,250.0,2,Low (<50k)
Volkswagen,ID.3 GTX,Electric,77.0,299.0,180.0,6.2,45000.0,Electric,5,310.0,2,Low (<50k)
Volkswagen,Golf TGI,1.5L I4 CNG,1498.0,130.0,220.0,8.8,30000.0,Petrol,5,200.0,2,Low (<50k)
Volkswagen,Scirocco GTS,2.0L I4 Turbo,1984.0,220.0,246.0,6.5,35000.0,Petrol,4,350.0,0,Low (<50k)
Volkswagen,Volkswagen Lupo 3L,1.2L Diesel I3,1199.0,61.0,165.0,14.5,20000.0,Diesel,4,140.0,2,Low (<50k)
Volkswagen,Polo Beats,1.0L I3 Turbo,999.0,95.0,187.0,9.5,22000.0,Petrol,5,175.0,2,Low (<50k)
Volkswagen,Passat Hybrid,1.4L I4 Turbo + Electric Motor,1395.0,215.0,210.0,7.4,32000.0,Hybrid,5,330.0,2,Low (<50k)
Volkswagen,Golf TCR,2.0L I4 Turbo,1984.0,290.0,250.0,5.6,40000.0,Petrol,5,370.0,0,Low (<50k)
Volkswagen,ID. Buzz Cargo Pro,Electric,77.0,204.0,145.0,10.2,55000.0,Electric,2,310.0,2,Medium (50k-100k)
Volkswagen,Arteon 280 TSI,2.0L I4 Turbo,1984.0,280.0,250.0,5.6,50000.0,Petrol,5,350.0,0,Low (<50k)
Volkswagen,Jetta GLI 35th,2.0L I4 Turbo,1984.0,228.0,250.0,6.5,31000.0,Petrol,5,350.0,0,Low (<50k)
Volkswagen,Beetle Final Edition,2.0L I4 Turbo,1984.0,174.0,205.0,7.0,25000.0,Petrol,4,250.0,2,Low (<50k)
Volkswagen,Polo GTI Plus,2.0L I4 Turbo,1984.0,207.0,237.0,6.7,30000.0,Petrol,5,320.0,0,Low (<50k)
Volkswagen,Tiguan eHybrid,1.4L I4 Turbo + Electric Motor,1395.0,245.0,200.0,7.5,42000.0,Hybrid,5,400.0,2,Low (<50k)
Volkswagen,Up! e-up!,Electric,32.3,83.0,130.0,11.9,23000.0,Electric,4,210.0,2,Low (<50k)
Volkswagen,Golf R Cabriolet,2.0L I4 Turbo,1984.0,265.0,250.0,5.9,45000.0,Petrol,4,380.0,0,Low (<50k)
Volkswagen,Passat Alltrack TDI,2.0L Diesel I4,1968.0,190.0,220.0,8.0,40000.0,Diesel,5,400.0,2,Low (<50k)
Volkswagen,ID. Buzz Cargo EV,Electric,77.0,204.0,145.0,10.2,55000.0,Electric,2,310.0,2,Medium (50k-100k)
Nissan,Versa,1.6L Inline-4,1598.0,122.0,180.0,10.4,16700.0,Petrol,5,154.0,2,Low (<50k)
Nissan,Micra,1.0L Turbocharged Inline-3,999.0,100.0,175.0,10.8,15500.0,Petrol,5,160.0,2,Low (<50k)
Nissan,Patrol Platinum,5.6L V8,5552.0,400.0,210.0,7.3,77000.0,Petrol,7,560.0,0,Medium (50k-100k)
Nissan,Qashqai,1.3L Turbocharged Inline-4,1332.0,156.0,195.0,8.9,26000.0,Petrol,5,260.0,2,Low (<50k)
Nissan,Murano,3.5L V6,3498.0,260.0,210.0,7.5,39000.0,Petrol,5,325.0,0,Low (<50k)
Nissan,Maxima Platinum,3.5L V6,3498.0,300.0,220.0,6.2,45000.0,Petrol,5,353.0,0,Low (<50k)
Nissan,Armada,5.6L V8,5552.0,400.0,210.0,6.5,51000.0,Petrol,8,560.0,0,Medium (50k-100k)
Nissan,Kicks,1.6L Inline-4,1598.0,122.0,180.0,10.7,20000.0,Petrol,5,154.0,2,Low (<50k)
Nissan,X-Trail,1.5L Turbocharged Inline-3,1498.0,201.0,200.0,8.0,29000.0,Hybrid,5,305.0,2,Low (<50k)
Nissan,Z (Fairlady Z),3.0L Twin-Turbo V6,2997.0,400.0,250.0,4.5,40000.0,Petrol,2,475.0,0,Low (<50k)
Nissan,Almera,1.0L Turbocharged Inline-3,999.0,100.0,185.0,10.7,14500.0,Petrol,5,160.0,2,Low (<50k)
Nissan,Sylphy,1.8L Inline-4,1798.0,137.0,190.0,9.6,18000.0,Petrol,5,174.0,2,Low (<50k)
Nissan,Note,1.2L Inline-3 Hybrid,1198.0,109.0,170.0,11.5,16000.0,Hybrid,5,150.0,2,Low (<50k)
Nissan,Sunny,1.6L Inline-4,1598.0,118.0,180.0,11.0,15000.0,Petrol,5,156.0,2,Low (<50k)
Nissan,Cube,1.8L Inline-4,1798.0,122.0,175.0,10.6,14500.0,Petrol,5,171.0,2,Low (<50k)
Nissan,Juke,1.0L Turbocharged Inline-3,999.0,117.0,180.0,10.4,25000.0,Petrol,5,180.0,2,Low (<50k)
Nissan,Terrano,1.5L Inline-4 Diesel,1461.0,110.0,168.0,13.5,15500.0,Diesel,5,248.0,2,Low (<50k)
Nissan,Magnite,1.0L Turbocharged Inline-3,999.0,100.0,160.0,13.0,12000.0,Petrol,5,160.0,2,Low (<50k)
Nissan,Xterra,4.0L V6,3954.0,261.0,200.0,7.8,35000.0,Petrol,7,381.0,0,Low (<50k)
Nissan,Patrol,5.6L V8,5552.0,400.0,210.0,7.3,77000.0,Petrol,7,560.0,0,Medium (50k-100k)
Nissan,GT-R NISMO,3.8L Twin-Turbo V6,3799.0,600.0,330.0,2.9,220000.0,Petrol,2,652.0,1,Luxury (>200k)
Nissan,370Z Roadster,3.7L V6,3696.0,332.0,250.0,5.5,41820.0,Petrol,2,366.0,0,Low (<50k)
Nissan,Ariya ,Dual Electric Motors,87.0,389.0,200.0,5.1,58950.0,Electric,5,600.0,0,Medium (50k-100k)
Nissan,Patrol Royale,5.6L V8,5552.0,400.0,210.0,6.6,85000.0,Petrol,7,560.0,0,Medium (50k-100k)
Nissan,Infiniti QX80*,5.6L V8,5552.0,400.0,210.0,6.5,70600.0,Petrol,7,560.0,0,Medium (50k-100k)
Nissan,Tiida,1.6L Inline-4,1598.0,126.0,190.0,10.1,14500.0,Petrol,5,154.0,2,Low (<50k)
Nissan,Pulsar,1.2L Turbocharged Inline-4,1197.0,115.0,190.0,10.7,19000.0,Petrol,5,190.0,2,Low (<50k)
Nissan,Latio,1.5L Inline-4,1498.0,102.0,175.0,11.5,13000.0,Petrol,5,139.0,2,Low (<50k)
Nissan,Bluebird Sylphy,2.0L Inline-4,1997.0,133.0,185.0,10.5,18500.0,Petrol,5,191.0,2,Low (<50k)
Nissan,March,1.2L Inline-3,1198.0,79.0,170.0,13.7,12000.0,Petrol,5,106.0,2,Low (<50k)
Nissan,Rogue Sport,2.0L Inline-4,1997.0,141.0,190.0,9.8,24960.0,Petrol,5,199.0,2,Low (<50k)
Nissan,X-Trail Hybrid,2.0L Inline-4 Hybrid,1997.0,179.0,180.0,9.4,28500.0,Hybrid,5,207.0,2,Low (<50k)
Nissan,Pathfinder Rock Creek,3.5L V6,3498.0,284.0,190.0,7.4,42820.0,Petrol,7,351.0,0,Low (<50k)
Nissan,Armada Platinum,5.6L V8,5552.0,400.0,210.0,6.5,65300.0,Petrol,8,560.0,0,Medium (50k-100k)
Nissan,Terrano XL,1.6L Inline-4,1598.0,104.0,165.0,12.5,14000.0,Petrol,5,145.0,2,Low (<50k)
Nissan,370Z NISMO,3.7L V6,3696.0,350.0,250.0,5.2,45790.0,Petrol,2,374.0,0,Low (<50k)
Nissan,Ariya E-4ORCE,Dual Electric Motors,87.0,389.0,200.0,5.1,60000.0,Electric,5,600.0,0,Medium (50k-100k)
Nissan,Patrol NISMO,5.6L V8,5552.0,428.0,210.0,6.5,105000.0,Petrol,7,560.0,0,High (100k-200k)
Nissan,Infiniti Q60*,3.0L V6 Twin-Turbo,2997.0,300.0,250.0,5.0,41750.0,Petrol,4,400.0,0,Low (<50k)
Nissan,Primera,2.0L Inline-4,1998.0,140.0,200.0,9.6,20000.0,Petrol,5,190.0,2,Low (<50k)
Nissan,Skyline,3.0L V6 Twin-Turbo,2997.0,400.0,250.0,5.0,50000.0,Petrol,5,475.0,0,Low (<50k)
Nissan,Cedric,2.0L Inline-6,1998.0,150.0,190.0,10.5,22000.0,Petrol,5,190.0,2,Low (<50k)
Nissan,Gloria,2.5L V6,2498.0,210.0,210.0,8.6,30000.0,Petrol,5,250.0,2,Low (<50k)
Nissan,Stanza,1.8L Inline-4,1796.0,120.0,175.0,11.0,18500.0,Petrol,5,170.0,2,Low (<50k)
Nissan,Patrol Super Safari,4.8L Inline-6,4750.0,280.0,190.0,8.2,55000.0,Petrol,7,451.0,0,Medium (50k-100k)
Nissan,Pathfinder Hybrid,2.5L Inline-4 Hybrid,2488.0,250.0,190.0,7.7,42500.0,Hybrid,7,329.0,2,Low (<50k)
Nissan,X-Terra Pro-4X,2.5L Inline-4,2498.0,190.0,175.0,10.8,40000.0,Petrol,7,240.0,2,Low (<50k)
Nissan,Rogue Platinum,1.5L Turbo Inline-3,1497.0,201.0,180.0,8.2,38000.0,Petrol,5,300.0,2,Low (<50k)
Nissan,Qashqai Tekna,1.3L Turbo Hybrid Inline-4,1332.0,158.0,190.0,9.2,36000.0,Hybrid,5,270.0,2,Low (<50k)
Nissan,GT-R V-Spec,3.8L Twin-Turbo V6,3799.0,600.0,330.0,2.8,175000.0,Petrol,2,652.0,1,High (100k-200k)
Nissan,Skyline NISMO,3.0L Twin-Turbo V6,2997.0,420.0,270.0,4.7,55000.0,Petrol,5,475.0,0,Medium (50k-100k)
Nissan,Ariya Lounge Edition,Dual Electric Motors,87.0,389.0,200.0,5.1,63000.0,Electric,5,600.0,0,Medium (50k-100k)
Nissan,Patrol Titanium,5.6L V8,5552.0,428.0,210.0,6.5,98000.0,Petrol,7,560.0,0,Medium (50k-100k)
Nissan,Infiniti FX50*,5.0L V8,5026.0,390.0,250.0,5.6,61750.0,Petrol,5,500.0,0,Medium (50k-100k)
Nissan,Avenir,2.0L Inline-4,1998.0,140.0,180.0,9.8,20000.0,Petrol,5,186.0,2,Low (<50k)
Nissan,Wingroad,1.8L Inline-4,1798.0,125.0,175.0,10.8,18000.0,Petrol,5,168.0,2,Low (<50k)
Nissan,Presea,1.8L Inline-4,1838.0,115.0,170.0,11.5,17500.0,Petrol,5,161.0,2,Low (<50k)
Nissan,Leopard,3.0L V6,2960.0,210.0,200.0,8.4,32000.0,Petrol,5,265.0,2,Low (<50k)
Nissan,Sunny NISMO Edition,1.6L Turbo Inline-4,1598.0,190.0,200.0,7.5,24000.0,Petrol,5,240.0,2,Low (<50k)
Nissan,Paladin,2.4L Inline-4,2438.0,150.0,180.0,10.6,20000.0,Petrol,5,217.0,2,Low (<50k)
Nissan,Hardbody SUV,2.5L Inline-4,2498.0,158.0,175.0,11.0,18500.0,Petrol,5,225.0,2,Low (<50k)
Nissan,Patrol Desert Edition,5.6L V8,5552.0,428.0,210.0,6.5,95000.0,Petrol,7,560.0,0,Medium (50k-100k)
Nissan,Pathfinder Armada,5.6L V8,5552.0,400.0,200.0,6.5,60000.0,Petrol,7,560.0,0,Medium (50k-100k)
Nissan,Rogue Midnight Edition,1.5L Turbo Inline-3,1497.0,201.0,180.0,8.2,39000.0,Petrol,5,300.0,2,Low (<50k)
Nissan,GT-R Black Edition,3.8L Twin-Turbo V6,3799.0,600.0,330.0,2.8,185000.0,Petrol,2,652.0,1,High (100k-200k)
Nissan,Fairlady Z Heritage,3.0L Twin-Turbo V6,2997.0,400.0,250.0,4.2,48000.0,Petrol,2,475.0,0,Low (<50k)
Nissan,Skyline GT-R R34,2.6L Twin-Turbo Inline-6,2568.0,276.0,250.0,5.6,70000.0,Petrol,4,392.0,0,Medium (50k-100k)
Nissan,Ariya Premiere,Dual Electric Motors,87.0,389.0,200.0,5.1,67000.0,Electric,5,600.0,0,Medium (50k-100k)
Nissan,Infiniti QX55*,2.0L VC-Turbo Inline-4,1997.0,268.0,230.0,6.5,50000.0,Petrol,5,380.0,0,Low (<50k)
Nissan,NV350 Caravan,2.5L Inline-4 Diesel,2488.0,129.0,155.0,12.5,28000.0,Diesel,8,356.0,2,Low (<50k)
Nissan,Navara,2.3L Inline-4 Diesel,2298.0,190.0,180.0,10.2,32000.0,Diesel,5,450.0,2,Low (<50k)
Nissan,Titan XD,5.6L V8,5552.0,400.0,195.0,6.9,55000.0,Petrol,6,560.0,0,Medium (50k-100k)
Nissan,Evalia,1.5L Inline-4 Diesel,1461.0,85.0,140.0,15.0,25000.0,Diesel,7,200.0,2,Low (<50k)
Nissan,Cabstar,2.5L Inline-4 Diesel,2488.0,130.0,145.0,14.8,27000.0,Diesel,3,350.0,2,Low (<50k)
Nissan,Cherry,1.4L Inline-4,1397.0,67.0,145.0,14.0,14000.0,Petrol,5,110.0,2,Low (<50k)
Nissan,Laurel,2.8L Inline-6 Diesel,2825.0,94.0,160.0,12.5,22000.0,Diesel,5,184.0,2,Low (<50k)
Nissan,Silvia,2.0L Turbo Inline-4,1998.0,247.0,235.0,5.9,45000.0,Petrol,4,275.0,0,Low (<50k)
Nissan,NX Coupe,2.0L Inline-4,1998.0,140.0,200.0,9.0,22000.0,Petrol,4,180.0,2,Low (<50k)
Nissan,AD Wagon,1.5L Inline-4,1498.0,105.0,165.0,12.3,16000.0,Petrol,5,150.0,2,Low (<50k)
Nissan,Patrol Super Safari Y61,4.8L Inline-6,4750.0,280.0,190.0,8.2,58000.0,Petrol,7,451.0,0,Medium (50k-100k)
Nissan,Pathfinder Rock Creek Edition,3.5L V6,3498.0,284.0,195.0,7.2,44000.0,Petrol,7,351.0,0,Low (<50k)
Nissan,Terrano II,2.7L Inline-4 Diesel,2664.0,125.0,160.0,12.9,28000.0,Diesel,5,278.0,2,Low (<50k)
Nissan,Murano CrossCabriolet,3.5L V6,3498.0,260.0,195.0,7.6,47000.0,Petrol,4,325.0,0,Low (<50k)
Nissan,X-Trail Tekna,1.5L Turbo Hybrid,1497.0,204.0,190.0,8.0,43000.0,Hybrid,5,305.0,2,Low (<50k)
Nissan,Skyline 400R,3.0L Twin-Turbo V6,2997.0,400.0,250.0,4.5,70000.0,Petrol,5,475.0,0,Medium (50k-100k)
Nissan,Infiniti G37*,3.7L V6,3696.0,328.0,250.0,5.5,42000.0,Petrol,5,365.0,0,Low (<50k)
Nissan,Patrol Black Edition,5.6L V8,5552.0,400.0,200.0,6.5,85000.0,Petrol,7,560.0,0,Medium (50k-100k)
Nissan,Ariya Empower+,Dual Electric Motors,87.0,389.0,200.0,5.1,68000.0,Electric,5,600.0,0,Medium (50k-100k)
Nissan,Datsun 510 (Classic),1.6L Inline-4,1595.0,96.0,175.0,10.2,25000.0,Petrol,4,135.0,2,Low (<50k)
Nissan,200SX,2.0L Turbo Inline-4,1998.0,200.0,240.0,7.2,30000.0,Petrol,4,265.0,2,Low (<50k)
Nissan,300ZX,3.0L Twin-Turbo V6,2960.0,300.0,250.0,5.9,50000.0,Petrol,4,384.0,0,Low (<50k)
Nissan,Figaro,1.0L Turbo Inline-4,987.0,76.0,170.0,12.8,20000.0,Petrol,4,103.0,2,Low (<50k)
Nissan,Hardbody Truck,2.4L Inline-4,2389.0,134.0,160.0,10.6,25000.0,Petrol,5,206.0,2,Low (<50k)
Nissan,NV200,2.0L Inline-4,1998.0,131.0,140.0,14.0,28000.0,Petrol,7,188.0,2,Low (<50k)
Nissan,Violet,1.8L Inline-4,1770.0,85.0,155.0,13.8,18000.0,Petrol,5,130.0,2,Low (<50k)
Nissan,Bluebird Z,2.0L Inline-4,1998.0,140.0,190.0,11.0,23000.0,Petrol,5,180.0,2,Low (<50k)
Nissan,Stanza Wagon,2.4L Inline-4,2389.0,138.0,160.0,12.0,22000.0,Petrol,7,205.0,2,Low (<50k)
Nissan,180SX,2.0L Turbo Inline-4,1998.0,205.0,240.0,6.8,35000.0,Petrol,4,275.0,2,Low (<50k)
Nissan,Sunny California,1.6L Inline-4,1597.0,110.0,170.0,11.0,18000.0,Petrol,5,140.0,2,Low (<50k)
Nissan,Patrol Warrior,5.6L V8,5552.0,428.0,205.0,6.3,95000.0,Petrol,7,580.0,0,Medium (50k-100k)
Nissan,Pathfinder Armada Platinum,5.6L V8,5552.0,400.0,190.0,6.8,70000.0,Petrol,7,560.0,0,Medium (50k-100k)
Nissan,Rogue Sport SL,2.0L Inline-4,1998.0,141.0,190.0,9.0,32000.0,Petrol,5,195.0,2,Low (<50k)
Nissan,X-Trail Platinum Edition,1.5L Turbo Hybrid,1497.0,204.0,190.0,8.0,46000.0,Hybrid,5,305.0,2,Low (<50k)
Nissan,Qashqai e-Power,1.5L Hybrid,1497.0,187.0,200.0,7.5,40000.0,Hybrid,5,330.0,2,Low (<50k)
Nissan,GT-R Egoist,3.8L Twin-Turbo V6,3799.0,565.0,315.0,2.8,220000.0,Petrol,2,637.0,1,Luxury (>200k)
Nissan,Infiniti M45*,4.5L V8,4494.0,325.0,250.0,5.8,50000.0,Petrol,5,451.0,0,Low (<50k)
Nissan,Skyline 50th Anniversary,3.0L Twin-Turbo V6,2997.0,400.0,250.0,4.5,75000.0,Petrol,5,475.0,0,Medium (50k-100k)
Nissan,Ariya Dual Motor AWD,Dual Electric Motors,87.0,389.0,200.0,5.1,70000.0,Electric,5,600.0,0,Medium (50k-100k)
Nissan,Patrol Legend Edition,5.6L V8,5552.0,428.0,205.0,6.3,95000.0,Petrol,7,580.0,0,Medium (50k-100k)
Nissan,Datsun 240Z (Classic),2.4L Inline-6,2393.0,151.0,210.0,8.0,45000.0,Petrol,2,198.0,2,Low (<50k)
Nissan,100NX,1.6L Inline-4,1597.0,110.0,185.0,9.6,18000.0,Petrol,4,135.0,2,Low (<50k)
Nissan,Cedric Special Edition,3.0L V6,2960.0,250.0,225.0,8.5,60000.0,Petrol,5,330.0,0,Medium (50k-100k)
Nissan,300ZX Turbo,3.0L Twin-Turbo V6,2960.0,300.0,250.0,5.9,55000.0,Petrol,4,384.0,0,Medium (50k-100k)
Nissan,Silvia S15 Spec-R,2.0L Turbo Inline-4,1998.0,250.0,240.0,5.6,35000.0,Petrol,4,300.0,0,Low (<50k)
Nissan,NV400,2.3L Inline-4 Diesel,2298.0,135.0,150.0,15.0,40000.0,Diesel,3,360.0,2,Low (<50k)
Nissan,Titan Warrior,5.6L V8,5552.0,400.0,180.0,7.0,55000.0,Petrol,5,560.0,0,Medium (50k-100k)
Nissan,Caravan Coach,2.5L Inline-4 Diesel,2498.0,127.0,140.0,14.0,30000.0,Diesel,7,260.0,2,Low (<50k)
Nissan,Serena e-Power,1.2L Hybrid,1198.0,134.0,160.0,12.0,35000.0,Hybrid,7,320.0,2,Low (<50k)
Nissan,Elgrand,3.5L V6,3498.0,280.0,200.0,8.5,50000.0,Petrol,7,344.0,0,Low (<50k)
Nissan,Datsun 510,1.6L Inline-4,1595.0,96.0,175.0,10.2,25000.0,Petrol,4,135.0,2,Low (<50k)
Nissan,Prairie,2.0L Inline-4,1998.0,120.0,175.0,11.0,18000.0,Petrol,5,170.0,2,Low (<50k)
Nissan,Pulsar GTI-R,2.0L Turbo Inline-4,1998.0,230.0,225.0,6.0,30000.0,Petrol,5,280.0,0,Low (<50k)
Nissan,Almera Tino,1.8L Inline-4,1769.0,114.0,180.0,12.5,15000.0,Petrol,5,160.0,2,Low (<50k)
Nissan,Lucino,1.6L Inline-4,1597.0,115.0,185.0,10.5,12000.0,Petrol,5,150.0,2,Low (<50k)
Nissan,Rasheen,1.5L Inline-4,1497.0,105.0,165.0,13.0,10000.0,Petrol,5,135.0,2,Low (<50k)
Nissan,Mistral,2.7L Turbo Diesel,2663.0,125.0,160.0,12.5,25000.0,Diesel,7,260.0,2,Low (<50k)
Nissan,Patrol Y60,4.2L Inline-6,4169.0,155.0,160.0,12.0,45000.0,Diesel,7,330.0,2,Low (<50k)
Nissan,X-Trail GT,2.0L Turbo Inline-4,1998.0,280.0,215.0,6.4,38000.0,Petrol,5,310.0,0,Low (<50k)
Nissan,Terrano Regulus,3.3L V6,3275.0,170.0,175.0,10.0,28000.0,Petrol,5,290.0,2,Low (<50k)
Nissan,President,4.5L V8,4494.0,280.0,210.0,7.5,70000.0,Petrol,5,400.0,0,Medium (50k-100k)
Nissan,Cima,4.1L V8,4130.0,270.0,210.0,8.0,60000.0,Petrol,5,390.0,0,Medium (50k-100k)
Nissan,Leopard J. Ferie,3.0L V6 Turbo,2960.0,255.0,215.0,6.5,45000.0,Petrol,5,340.0,0,Low (<50k)
Nissan,Gloria Gran Turismo,3.0L V6 Turbo,2960.0,255.0,220.0,6.5,50000.0,Petrol,5,340.0,0,Low (<50k)
Nissan,Infiniti Q45*,4.5L V8,4494.0,340.0,240.0,6.2,50000.0,Petrol,5,450.0,0,Low (<50k)
Nissan,Datsun 240Z,2.4L Inline-6,2393.0,151.0,210.0,8.0,45000.0,Petrol,2,198.0,2,Low (<50k)
Nissan,280ZX,2.8L Inline-6,2753.0,145.0,205.0,9.5,35000.0,Petrol,2,210.0,2,Low (<50k)
Nissan,Silvia S13,1.8L Turbo Inline-4,1809.0,175.0,215.0,6.8,20000.0,Petrol,4,230.0,2,Low (<50k)
Nissan,200SX,2.0L Turbo Inline-4,1998.0,200.0,225.0,7.0,25000.0,Petrol,4,260.0,2,Low (<50k)
Nissan,NX Coupe,1.8L Inline-4,1839.0,140.0,200.0,9.0,18000.0,Petrol,4,180.0,2,Low (<50k)
Nissan,NV2500,4.0L V6,3954.0,261.0,160.0,10.0,36000.0,Petrol,2,385.0,2,Low (<50k)
Nissan,NV3500,5.6L V8,5552.0,375.0,170.0,9.0,42000.0,Petrol,2,525.0,0,Low (<50k)
Nissan,NT400 Cabstar,3.0L Inline-4 Diesel,2953.0,150.0,140.0,15.0,35000.0,Diesel,3,350.0,2,Low (<50k)
Porsche,Panamera,2.9L V6 Twin Turbo,2894.0,330.0,270.0,5.6,88000.0,Petrol,4,450.0,0,Medium (50k-100k)
Porsche,Panamera 4,2.9L V6 Twin Turbo,2894.0,330.0,270.0,5.4,92000.0,Petrol,4,450.0,0,Medium (50k-100k)
Porsche,Panamera 4S,2.9L V6 Twin Turbo,2894.0,440.0,289.0,4.4,105000.0,Petrol,4,550.0,1,High (100k-200k)
Porsche,Panamera Turbo S,4.0L V8 Twin Turbo,3996.0,620.0,315.0,3.1,180000.0,Petrol,4,820.0,1,High (100k-200k)
Porsche,Panamera GTS,4.0L V8 Twin Turbo,3996.0,473.0,300.0,3.9,130000.0,Petrol,4,620.0,1,High (100k-200k)
Porsche,Panamera Platinum Edition,2.9L V6 Twin Turbo,2894.0,330.0,270.0,5.4,102000.0,Petrol,4,450.0,0,High (100k-200k)
Porsche,Panamera E-Hybrid,2.9L V6 + Electric Motor,17.9,455.0,280.0,4.4,115000.0,Hybrid (Petrol),4,700.0,1,High (100k-200k)
Porsche,Panamera 4 E-Hybrid Sport Turismo,2.9L V6 + Electric Motor,17.9,455.0,280.0,4.4,120000.0,Hybrid (Petrol),4,700.0,1,High (100k-200k)
Porsche,Panamera Turbo S E-Hybrid,4.0L V8 + Electric Motor,17.9,690.0,315.0,3.2,190000.0,Hybrid (Petrol),4,870.0,1,High (100k-200k)
Porsche,Panamera 4 Executive,2.9L V6 Twin Turbo,2894.0,330.0,270.0,5.6,95000.0,Petrol,4,450.0,0,Medium (50k-100k)
Porsche,Cayenne,3.0L V6 Turbo,2995.0,335.0,245.0,5.9,80000.0,Petrol,5,450.0,0,Medium (50k-100k)
Porsche,Cayenne Coupe,3.0L V6 Turbo,2995.0,335.0,245.0,6.0,85000.0,Petrol,5,450.0,0,Medium (50k-100k)
Porsche,Cayenne S,2.9L V6 Twin Turbo,2894.0,434.0,265.0,5.0,95000.0,Petrol,5,550.0,0,Medium (50k-100k)
Porsche,Cayenne Turbo,4.0L V8 Twin Turbo,3996.0,541.0,286.0,4.0,130000.0,Petrol,5,770.0,1,High (100k-200k)
Porsche,Cayenne GTS,4.0L V8 Twin Turbo,3996.0,453.0,270.0,4.5,110000.0,Petrol,5,620.0,1,High (100k-200k)
Porsche,Cayenne Turbo S E-Hybrid,4.0L V8 + Electric Motor,17.9,670.0,295.0,3.6,170000.0,Hybrid (Petrol),5,900.0,1,High (100k-200k)
Porsche,Macan,2.0L I4 Turbo,1984.0,261.0,232.0,6.2,60000.0,Petrol,5,400.0,0,Medium (50k-100k)
Porsche,Macan S,2.9L V6 Twin Turbo,2894.0,375.0,259.0,4.8,75000.0,Petrol,5,520.0,0,Medium (50k-100k)
Porsche,Macan GTS,2.9L V6 Twin Turbo,2894.0,434.0,272.0,4.5,85000.0,Petrol,5,550.0,0,Medium (50k-100k)
Porsche,Macan T,2.0L I4 Turbo,1984.0,261.0,232.0,6.2,65000.0,Petrol,5,400.0,0,Medium (50k-100k)
Porsche,911 Carrera,3.0L Flat-6 Twin Turbo,2981.0,379.0,293.0,4.2,110000.0,Petrol,4,450.0,0,High (100k-200k)
Porsche,911 Carrera S,3.0L Twin-Turbo Flat-6,2981.0,443.0,308.0,3.5,131300.0,Petrol,4,528.0,1,High (100k-200k)
Porsche,911 Carrera 4,3.0L Twin-Turbo Flat-6,2981.0,379.0,293.0,4.2,106500.0,Petrol,4,450.0,0,High (100k-200k)
Porsche,911 Carrera 4S,3.0L Twin-Turbo Flat-6,2981.0,443.0,306.0,3.4,113300.0,Petrol,4,528.0,1,High (100k-200k)
Porsche,911 Targa 4,3.0L Twin-Turbo Flat-6,2981.0,379.0,289.0,4.4,121300.0,Petrol,4,450.0,0,High (100k-200k)
Porsche,911 Turbo,3.8L Twin-Turbo Flat-6,3745.0,572.0,320.0,2.7,197200.0,Petrol,4,750.0,1,High (100k-200k)
Porsche,911 Turbo S,3.8L Twin-Turbo Flat-6,3745.0,640.0,330.0,2.6,230400.0,Petrol,4,800.0,1,Luxury (>200k)
Porsche,911 GT3,4.0L Naturally Aspirated Flat-6,3996.0,502.0,318.0,3.4,161100.0,Petrol,2,469.0,1,High (100k-200k)
Porsche,911 GT3 RS,4.0L Naturally Aspirated Flat-6,3996.0,518.0,296.0,3.2,241300.0,Petrol,2,465.0,1,Luxury (>200k)
Porsche,911 Dakar,3.0L Twin-Turbo Flat-6,2981.0,473.0,240.0,3.4,222000.0,Petrol,2,570.0,1,Luxury (>200k)
Porsche,Taycan,Dual Electric Motors,79.2,402.0,230.0,5.4,86700.0,Electric,4,344.0,0,Medium (50k-100k)
Porsche,Taycan 4S,Dual Electric Motors,79.2,522.0,250.0,4.0,103800.0,Electric,4,640.0,1,High (100k-200k)
Porsche,Taycan Turbo,Dual Electric Motors,93.4,670.0,260.0,3.2,150900.0,Electric,4,850.0,1,High (100k-200k)
Porsche,Taycan GTS,Dual Electric Motors,93.4,590.0,250.0,3.5,132750.0,Electric,4,850.0,1,High (100k-200k)
Porsche,Taycan Cross Turismo,Dual Electric Motors,93.4,469.0,220.0,4.8,97700.0,Electric,5,500.0,0,Medium (50k-100k)
Porsche,Taycan Sport Turismo,Dual Electric Motors,79.2,509.0,240.0,4.1,104000.0,Electric,5,650.0,0,High (100k-200k)
Porsche,718 Cayman,2.0L Turbocharged Flat-4,1988.0,300.0,275.0,4.9,63400.0,Petrol,2,380.0,0,Medium (50k-100k)
Porsche,718 Cayman S,2.5L Turbocharged Flat-4,2497.0,350.0,285.0,4.4,75400.0,Petrol,2,420.0,0,Medium (50k-100k)
Porsche,718 Cayman GT4,4.0L Naturally Aspirated Flat-6,3995.0,414.0,302.0,4.2,100200.0,Petrol,2,420.0,0,High (100k-200k)
Porsche,718 Cayman GT4 RS,4.0L Naturally Aspirated Flat-6,3996.0,493.0,315.0,3.2,141700.0,Petrol,2,450.0,1,High (100k-200k)
Porsche,718 Boxster,2.0L Turbo Flat-4,1988.0,300.0,275.0,4.9,65500.0,Petrol,2,380.0,0,Medium (50k-100k)
Porsche,718 Boxster T,2.0L Turbo Flat-4,1988.0,300.0,275.0,4.7,69600.0,Petrol,2,380.0,0,Medium (50k-100k)
Porsche,718 Boxster GTS,4.0L Naturally Aspirated Flat-6,3995.0,394.0,293.0,4.3,90300.0,Petrol,2,430.0,0,Medium (50k-100k)
Porsche,718 Spyder,4.0L Naturally Aspirated Flat-6,3995.0,414.0,301.0,4.1,98300.0,Petrol,2,420.0,0,Medium (50k-100k)
Porsche,Panamera Base,2.9L Twin-Turbo V6,2894.0,325.0,265.0,5.6,92300.0,Petrol,4,450.0,0,Medium (50k-100k)
Porsche,Panamera 4 E-Hybrid,2.9L Twin-Turbo V6 + Electric Motor,2894.0,462.0,280.0,4.4,113300.0,Hybrid,4,700.0,1,High (100k-200k)
Porsche,Panamera 4 Sport Turismo,2.9L Twin-Turbo V6,2894.0,325.0,265.0,5.5,101400.0,Petrol,4,450.0,0,High (100k-200k)
Porsche,Panamera Turbo S E-Hybrid Sport Turismo,4.0L Twin-Turbo V8 + Electric Motor,3996.0,690.0,315.0,3.2,200200.0,Hybrid,4,870.0,1,Luxury (>200k)
Porsche,Panamera 4S E-Hybrid Executive,2.9L Twin-Turbo V6 + Electric Motor,2894.0,560.0,295.0,3.7,128900.0,Hybrid,4,750.0,1,High (100k-200k)
Porsche,Panamera Platinum Edition,2.9L Twin-Turbo V6,2894.0,325.0,265.0,5.6,98300.0,Petrol,4,450.0,0,Medium (50k-100k)
Porsche,Panamera GTS Sport Turismo,4.0L Twin-Turbo V8,3996.0,473.0,300.0,3.9,136900.0,Petrol,4,620.0,1,High (100k-200k)
Porsche,Panamera Turbo Executive,4.0L Twin-Turbo V8,3996.0,550.0,306.0,3.8,175200.0,Petrol,4,770.0,1,High (100k-200k)
Porsche,Panamera Turbo S Exclusive Series,4.0L Twin-Turbo V8,3996.0,570.0,310.0,3.8,290000.0,Petrol,4,800.0,1,Luxury (>200k)
Porsche,Panamera 4S ,2.9L Twin-Turbo V6,2894.0,443.0,289.0,4.1,105000.0,Petrol,4,550.0,1,High (100k-200k)
Porsche,Macan Base,2.0L Turbo Inline-4,1984.0,265.0,232.0,6.4,58000.0,Petrol,5,400.0,0,Medium (50k-100k)
Porsche,Macan T,2.0L Turbo Inline-4,1984.0,265.0,233.0,6.2,63000.0,Petrol,5,400.0,0,Medium (50k-100k)
Porsche,Macan S,2.9L Twin-Turbo V6,2894.0,375.0,259.0,4.6,70400.0,Petrol,5,520.0,0,Medium (50k-100k)
Porsche,Macan GTS,2.9L Twin-Turbo V6,2894.0,434.0,272.0,4.3,82900.0,Petrol,5,550.0,0,Medium (50k-100k)
Porsche,Macan EV ,Dual Electric Motors,95.0,603.0,240.0,4.0,85000.0,Electric,5,750.0,1,Medium (50k-100k)
Porsche,Cayenne Base,3.0L Turbocharged V6,2995.0,335.0,245.0,5.9,72200.0,Petrol,5,450.0,0,Medium (50k-100k)
Porsche,Cayenne E-Hybrid,3.0L V6 + Electric Motor,2995.0,455.0,253.0,4.8,91000.0,Hybrid,5,700.0,0,Medium (50k-100k)
Porsche,Cayenne S Coupe,2.9L Twin-Turbo V6,2894.0,434.0,263.0,4.7,94300.0,Petrol,4,550.0,0,Medium (50k-100k)
Porsche,Cayenne Turbo GT,4.0L Twin-Turbo V8,3996.0,631.0,300.0,3.3,182150.0,Petrol,4,850.0,1,High (100k-200k)
Porsche,Cayenne Platinum Edition,3.0L Turbocharged V6,2995.0,335.0,245.0,5.8,79000.0,Petrol,5,450.0,0,Medium (50k-100k)
Porsche,Cayenne Turbo S E-Hybrid Coupe,4.0L Twin-Turbo V8 + Electric Motor,3996.0,670.0,295.0,3.6,167800.0,Hybrid,4,900.0,1,High (100k-200k)
Porsche,Cayenne GTS Coupe,4.0L Twin-Turbo V8,3996.0,453.0,270.0,4.5,111200.0,Petrol,4,620.0,1,High (100k-200k)
Porsche,Cayenne Diesel (Regional Markets),3.0L Turbo Diesel V6,2967.0,262.0,221.0,7.3,69000.0,Diesel,5,580.0,0,Medium (50k-100k)
Porsche,Cayenne S Hybrid,3.0L V6 + Electric Motor,2995.0,380.0,242.0,6.5,85500.0,Hybrid,5,580.0,0,Medium (50k-100k)
Porsche,Cayenne Coupe Turbo E-Hybrid,4.0L Twin-Turbo V8 + Electric Motor,3996.0,728.0,295.0,3.6,182900.0,Hybrid,4,950.0,1,High (100k-200k)
Porsche,Taycan Base,Dual Electric Motors,79.2,321.0,230.0,5.4,86700.0,Electric,4,345.0,0,Medium (50k-100k)
Cadillac,CT4,2.0L Turbo Inline-4 Gasoline,2000.0,237.0,250.0,6.0,34395.0,Petrol,5,350.0,0,Low (<50k)
Cadillac,CT4-V,2.7L Turbo Inline-4 Gasoline,2700.0,325.0,260.0,4.9,46595.0,Petrol,5,500.0,0,Low (<50k)
Cadillac,CT5,2.0L Turbo Inline-4 Gasoline,2000.0,237.0,240.0,6.6,38195.0,Petrol,5,350.0,0,Low (<50k)
Cadillac,CT5-V,3.0L Twin-Turbo V6 Gasoline,3000.0,360.0,250.0,4.6,50995.0,Petrol,5,550.0,0,Medium (50k-100k)
Porsche,Taycan Cross Turismo 4,Dual Electric Motors,93.4,375.0,240.0,5.1,94800.0,Electric,4,500.0,0,Medium (50k-100k)
Porsche,Taycan Cross Turismo GTS,Dual Electric Motors,93.4,590.0,250.0,3.8,139400.0,Electric,4,620.0,1,High (100k-200k)
Porsche,Taycan Sport Turismo Base,Dual Electric Motors,79.2,375.0,230.0,5.4,90500.0,Electric,4,500.0,0,Medium (50k-100k)
Porsche,Taycan Sport Turismo GTS,Dual Electric Motors,93.4,590.0,250.0,3.7,136700.0,Electric,4,620.0,1,High (100k-200k)
Porsche,911 Carrera Base,3.0L Twin-Turbo Flat-6,2981.0,379.0,293.0,4.2,106100.0,Petrol,4,450.0,0,High (100k-200k)
Porsche,911 Carrera S Cabriolet,3.0L Twin-Turbo Flat-6,2981.0,443.0,304.0,3.9,129900.0,Petrol,4,530.0,1,High (100k-200k)
Porsche,911 Carrera 4,3.0L Twin-Turbo Flat-6,2981.0,379.0,293.0,4.4,113300.0,Petrol,4,450.0,0,High (100k-200k)
Porsche,911 Carrera 4 GTS,3.0L Twin-Turbo Flat-6,2981.0,473.0,311.0,3.3,137000.0,Petrol,4,570.0,1,High (100k-200k)
Porsche,911 Targa 4 GTS,3.0L Twin-Turbo Flat-6,2981.0,473.0,307.0,3.5,157300.0,Petrol,4,570.0,1,High (100k-200k)
Porsche,911 Turbo Cabriolet,3.8L Twin-Turbo Flat-6,3745.0,572.0,320.0,2.9,184100.0,Petrol,4,750.0,1,High (100k-200k)
Porsche,911 Turbo S Coupe,3.8L Twin-Turbo Flat-6,3745.0,640.0,330.0,2.7,207000.0,Petrol,4,800.0,1,Luxury (>200k)
Porsche,911 GT3 Touring,4.0L Naturally Aspirated Flat-6,3996.0,502.0,318.0,3.9,170000.0,Petrol,2,470.0,1,High (100k-200k)
Porsche,911 GT3 RS Clubsport,4.0L Naturally Aspirated Flat-6,3996.0,525.0,296.0,3.2,223800.0,Petrol,2,465.0,1,Luxury (>200k)
Porsche,911 Dakar Limited Edition,3.0L Twin-Turbo Flat-6,2981.0,473.0,240.0,3.4,222000.0,Petrol,4,570.0,1,Luxury (>200k)
Porsche,911 Carrera GTS Lightweight,3.0L Twin-Turbo Flat-6,2981.0,473.0,311.0,3.2,145300.0,Petrol,4,570.0,1,High (100k-200k)
Porsche,911 Targa 4 Lightweight,3.0L Twin-Turbo Flat-6,2981.0,379.0,289.0,4.3,135500.0,Petrol,4,450.0,1,High (100k-200k)
Porsche,911 Turbo Exclusive Series,3.8L Twin-Turbo Flat-6,3745.0,607.0,330.0,2.9,258000.0,Petrol,4,750.0,1,Luxury (>200k)
Porsche,911 GT2 RS,3.8L Twin-Turbo Flat-6,3745.0,700.0,340.0,2.8,293200.0,Petrol,2,750.0,1,Luxury (>200k)
Porsche,911 GT3 Cup,4.0L Naturally Aspirated Flat-6,3996.0,510.0,290.0,3.4,245000.0,Petrol,1,470.0,1,Luxury (>200k)
Porsche,911 GT4 RS,4.0L Naturally Aspirated Flat-6,3996.0,500.0,315.0,3.4,222000.0,Petrol,2,450.0,1,Luxury (>200k)
Porsche,911 Sport Turismo,3.0L Twin-Turbo Flat-6,2981.0,379.0,293.0,4.4,116000.0,Petrol,4,450.0,0,High (100k-200k)
Porsche,911 Turbo Cabriolet Lightweight,3.8L Twin-Turbo Flat-6,3745.0,572.0,318.0,3.0,191300.0,Petrol,4,750.0,1,High (100k-200k)
Porsche,911 Dakar Sport,3.0L Twin-Turbo Flat-6,2981.0,473.0,240.0,3.5,233000.0,Petrol,4,570.0,1,Luxury (>200k)
Tata Motors,Tiago,1.2L Revotron 3-cylinder Petrol,1199.0,86.0,170.0,13.0,8200.0,Petrol,5,113.0,2,Low (<50k)
Tata Motors,Tiago EV,Permanent Magnet Synchronous,24.0,74.0,120.0,5.7,11000.0,Electric,5,114.0,2,Low (<50k)
Tata Motors,Altroz DCA,1.2L Revotron 3-cylinder Petrol,1199.0,86.0,170.0,12.5,11300.0,Petrol,5,113.0,2,Low (<50k)
Tata Motors,Altroz iTurbo,1.2L Turbocharged Petrol,1199.0,110.0,180.0,10.0,12000.0,Petrol,5,140.0,2,Low (<50k)
Tata Motors,Altroz CNG,1.2L Revotron Bi-Fuel,1199.0,86.0,165.0,12.0,11800.0,CNG/Petrol,5,113.0,2,Low (<50k)
Tata Motors,Tiago NRG,1.2L Revotron 3-cylinder Petrol,1199.0,86.0,170.0,13.5,9200.0,Petrol,5,113.0,2,Low (<50k)
Tata Motors,Tigor,1.2L Revotron 3-cylinder Petrol,1199.0,86.0,170.0,13.0,9400.0,Petrol,5,113.0,2,Low (<50k)
Tata Motors,Tigor EV,Permanent Magnet Synchronous,26.0,74.0,120.0,5.7,14500.0,Electric,5,114.0,2,Low (<50k)
Cadillac,Escalade,6.2L V8 Gasoline,6200.0,420.0,210.0,6.8,79295.0,Petrol,7,624.0,0,Medium (50k-100k)
Tata Motors,Indigo GLX,1.4L MPFI Petrol,1396.0,85.0,160.0,15.0,7200.0,Petrol,5,115.0,2,Low (<50k)
Cadillac,Escalade ESV,6.2L V8 Gasoline,6200.0,420.0,205.0,6.9,82295.0,Petrol,7,624.0,0,Medium (50k-100k)
Tata Motors,Nexon EV Max,Permanent Magnet Synchronous,40.5,143.0,140.0,9.0,25000.0,Electric,5,250.0,2,Low (<50k)
Tata Motors,Harrier,2.0L Kryotec Turbocharged Diesel,1956.0,168.0,180.0,11.0,23000.0,Diesel,5,350.0,2,Low (<50k)
Tata Motors,Safari,2.0L Kryotec Turbocharged Diesel,1956.0,168.0,180.0,11.0,25500.0,Diesel,7,350.0,2,Low (<50k)
Tata Motors,Hexa,2.2L Varicor Diesel,2179.0,154.0,180.0,12.0,20000.0,Diesel,7,400.0,2,Low (<50k)
Tata Motors,Aria,2.2L Dicor Diesel,2179.0,138.0,162.0,13.0,19000.0,Diesel,7,320.0,2,Low (<50k)
Tata Motors,Sumo Grande,2.2L Dicor Diesel,2179.0,118.0,140.0,15.0,16500.0,Diesel,7,250.0,2,Low (<50k)
Tata Motors,Nexon EV Prime,Permanent Magnet Synchronous,30.2,129.0,120.0,9.4,22000.0,Electric,5,245.0,2,Low (<50k)
Tata Motors,Tiago EV,Permanent Magnet Synchronous,24.0,74.0,120.0,5.7,11000.0,Electric,5,114.0,2,Low (<50k)
Tesla,Model S,Dual Electric Motors,100.0,670.0,250.0,3.1,88490.0,Electric,5,967.0,1,Medium (50k-100k)
Tesla,Model 3,Single Electric Motor (RWD),60.0,283.0,225.0,5.8,40240.0,Electric,5,420.0,0,Low (<50k)
Tesla,Model 3 Performance,Dual Electric Motors (AWD),82.0,450.0,261.0,3.1,53240.0,Electric,5,660.0,0,Medium (50k-100k)
Tesla,Model X,Dual Electric Motors (AWD),100.0,670.0,250.0,3.8,98490.0,Electric,7,967.0,1,Medium (50k-100k)
Tesla,Model Y,Single Electric Motor (RWD),75.0,346.0,217.0,5.0,47490.0,Electric,5,498.0,0,Low (<50k)
Tesla,Model Y Long Range,Dual Electric Motors (AWD),82.0,384.0,217.0,4.8,50490.0,Electric,5,559.0,0,Medium (50k-100k)
Jeep,Wrangler,3.6L V6 Pentastar Gasoline,3600.0,285.0,180.0,6.8,35195.0,Petrol,4,353.0,0,Low (<50k)
Jeep,Wrangler Rubicon,2.0L Turbo I4 Gasoline,2000.0,270.0,180.0,7.1,42100.0,Petrol,4,400.0,0,Low (<50k)
Jeep,Grand Cherokee,3.6L V6 Pentastar Gasoline,3600.0,293.0,209.0,7.0,41530.0,Petrol,5,352.0,0,Low (<50k)
Jeep,Grand Cherokee L,3.6L V6 Pentastar Gasoline,3600.0,293.0,209.0,7.2,43530.0,Petrol,7,352.0,0,Low (<50k)
Jeep,Cherokee,2.4L I4 Tigershark Gasoline,2400.0,180.0,195.0,8.5,37695.0,Petrol,5,230.0,2,Low (<50k)
Jeep,Compass,2.0L Turbo Gasoline,2000.0,200.0,200.0,7.8,31590.0,Petrol,5,320.0,2,Low (<50k)
Jeep,Renegade,1.3L Turbo I4 Gasoline,1300.0,177.0,200.0,8.7,28345.0,Petrol,5,285.0,2,Low (<50k)
Jeep,Gladiator,3.6L V6 Pentastar Gasoline,3600.0,285.0,177.0,8.1,38775.0,Petrol,5,353.0,0,Low (<50k)
Jeep,Wagoneer,5.7L V8 Gasoline with eTorque,5700.0,392.0,190.0,7.4,63595.0,Petrol,8,548.0,0,Medium (50k-100k)
Jeep,Grand Wagoneer,6.4L V8 Gasoline,6400.0,471.0,190.0,6.0,91495.0,Petrol,8,617.0,0,Medium (50k-100k)
Jeep,Grand Cherokee 4xe,2.0L Turbo PHEV,17.3,375.0,210.0,6.0,59865.0,Hybrid,5,637.0,0,Medium (50k-100k)
Jeep,Wrangler 4xe,2.0L Turbo PHEV,17.3,375.0,180.0,6.4,50695.0,Hybrid,5,637.0,0,Medium (50k-100k)
Jeep,Compass 4xe,1.3L Turbo PHEV,11.4,240.0,200.0,7.3,46500.0,Hybrid,5,270.0,2,Low (<50k)
Jeep,Renegade 4xe,1.3L Turbo PHEV,11.4,240.0,200.0,7.5,44500.0,Hybrid,5,270.0,2,Low (<50k)
Jeep,Wagoneer S (Electric),Dual Electric Motors,100.0,600.0,177.0,4.5,80000.0,Electric,5,850.0,0,Medium (50k-100k)
Jeep,Gladiator Mojave Edition,3.6L V6 Pentastar Gasoline,3600.0,285.0,177.0,8.6,51570.0,Petrol,5,353.0,0,Medium (50k-100k)
Jeep,Grand Cherokee Summit Reserve,5.7L V8 Gasoline,5700.0,357.0,190.0,7.3,66575.0,Petrol,5,529.0,0,Medium (50k-100k)
Jeep,Jeep Cherokee X Edition,3.2L V6 Pentastar Gasoline,3200.0,271.0,195.0,7.6,41295.0,Petrol,5,324.0,0,Low (<50k)
Jeep,Wrangler 392,6.4L V8 HEMI Gasoline,6400.0,470.0,160.0,4.5,82495.0,Petrol,4,637.0,0,Medium (50k-100k)
Cadillac,XT4,2.0L Turbo Inline-4 Gasoline,2000.0,235.0,220.0,7.6,37490.0,Petrol,5,350.0,2,Low (<50k)
Cadillac,XT5,3.6L V6 Gasoline,3600.0,310.0,210.0,6.5,44195.0,Petrol,5,366.0,0,Low (<50k)
Cadillac,XT6,3.6L V6 Gasoline,3600.0,310.0,210.0,6.9,48595.0,Petrol,7,366.0,0,Low (<50k)
Cadillac,Lyriq EV,Single Electric Motor,100.0,340.0,190.0,5.7,58590.0,Electric,5,440.0,0,Medium (50k-100k)
Cadillac,Escalade V,6.2L Supercharged V8 Gasoline,6200.0,682.0,200.0,4.4,149990.0,Petrol,7,885.0,1,High (100k-200k)
Cadillac,Escalade Platinum,6.2L V8 Gasoline,6200.0,420.0,210.0,6.8,104595.0,Petrol,7,624.0,0,High (100k-200k)
Cadillac,CT5-V Blackwing,6.2L Supercharged V8 Gasoline,6200.0,668.0,320.0,3.4,92000.0,Petrol,5,893.0,1,Medium (50k-100k)
Cadillac,CT4-V Blackwing,3.6L Twin-Turbo V6 Gasoline,3600.0,472.0,290.0,3.9,60495.0,Petrol,5,603.0,0,Medium (50k-100k)
Cadillac,XT4 Sport,2.0L Turbo Inline-4 Gasoline,2000.0,235.0,220.0,7.4,41390.0,Petrol,5,350.0,0,Low (<50k)
Cadillac,XT5 Sport,3.6L V6 Gasoline,3600.0,310.0,210.0,6.5,51095.0,Petrol,5,366.0,0,Medium (50k-100k)
Cadillac,XT6 Sport,3.6L V6 Gasoline,3600.0,310.0,210.0,6.9,57095.0,Petrol,7,366.0,0,Medium (50k-100k)
Cadillac,Lyriq Launch Edition,Single Electric Motor,100.0,340.0,190.0,5.7,59990.0,Electric,5,440.0,0,Medium (50k-100k)
Cadillac,Lyriq EV Premium,Dual Electric Motors,100.0,500.0,210.0,4.5,64990.0,Electric,5,620.0,0,Medium (50k-100k)
Cadillac,CT5 Premium Luxury,2.0L Turbo Inline-4 Gasoline,2000.0,237.0,240.0,6.8,41290.0,Petrol,5,350.0,0,Low (<50k)
Chevrolet,Spark,1.4L Inline-4 Gasoline,1400.0,98.0,180.0,10.7,14595.0,Petrol,5,127.0,2,Low (<50k)
Chevrolet,Sonic,1.4L Turbo Inline-4 Gasoline,1400.0,138.0,190.0,8.5,16720.0,Petrol,5,200.0,2,Low (<50k)
Chevrolet,Malibu,1.5L Turbo Inline-4 Gasoline,1500.0,160.0,210.0,8.0,25000.0,Petrol,5,250.0,2,Low (<50k)
Chevrolet,Camaro,2.0L Turbo Inline-4 Gasoline,2000.0,275.0,240.0,5.4,26400.0,Petrol,4,400.0,0,Low (<50k)
Chevrolet,Corvette,6.2L V8 Gasoline,6200.0,495.0,312.0,3.0,65895.0,Petrol,2,637.0,1,Medium (50k-100k)
Chevrolet,Traverse,3.6L V6 Gasoline,3600.0,310.0,210.0,7.0,35915.0,Petrol,7,360.0,0,Low (<50k)
Chevrolet,Equinox,1.5L Turbo Inline-4 Gasoline,1500.0,170.0,200.0,8.9,26600.0,Petrol,5,275.0,2,Low (<50k)
Chevrolet,Blazer,3.6L V6 Gasoline,3600.0,308.0,220.0,6.6,44000.0,Petrol,5,366.0,0,Low (<50k)
Chevrolet,Tahoe,5.3L V8 Gasoline,5300.0,355.0,200.0,7.5,56995.0,Petrol,7,519.0,0,Medium (50k-100k)
Chevrolet,Suburban,5.3L V8 Gasoline,5300.0,355.0,190.0,7.6,59900.0,Petrol,8,519.0,0,Medium (50k-100k)
Chevrolet,Colorado,2.7L Turbo Inline-4 Gasoline,2700.0,310.0,190.0,6.8,30695.0,Petrol,5,583.0,0,Low (<50k)
Chevrolet,Silverado 1500,5.3L V8 Gasoline,5300.0,355.0,180.0,7.0,42795.0,Petrol,6,519.0,0,Low (<50k)
Chevrolet,Silverado 2500HD,6.6L V8 Gasoline,6600.0,401.0,170.0,8.0,41500.0,Petrol,6,629.0,0,Low (<50k)
Chevrolet,Bolt EV,Single Electric Motor,66.0,200.0,150.0,6.5,27495.0,Electric,5,360.0,2,Low (<50k)
Chevrolet,Bolt EUV,Single Electric Motor,66.0,200.0,150.0,7.0,28795.0,Electric,5,360.0,2,Low (<50k)
Chevrolet,Trailblazer,1.3L Turbo Inline-3 Gasoline,1300.0,155.0,200.0,9.4,23100.0,Petrol,5,236.0,2,Low (<50k)
Chevrolet,Malibu Premier,2.0L Turbo Inline-4 Gasoline,2000.0,250.0,240.0,5.8,33500.0,Petrol,5,353.0,0,Low (<50k)
Chevrolet,Camaro ZL1,6.2L Supercharged V8 Gasoline,6200.0,650.0,318.0,3.5,67300.0,Petrol,4,881.0,1,Medium (50k-100k)
Chevrolet,Corvette Stingray,6.2L V8 Gasoline,6200.0,495.0,312.0,3.0,65895.0,Petrol,2,637.0,1,Medium (50k-100k)
Chevrolet,Silverado 1500 High Country,5.3L V8 Gasoline,5300.0,355.0,180.0,7.0,61595.0,Petrol,6,519.0,0,Medium (50k-100k)
Chevrolet,Silverado 1500 Trail Boss,5.3L V8 Gasoline,5300.0,355.0,180.0,7.0,55895.0,Petrol,6,519.0,0,Medium (50k-100k)
Chevrolet,Silverado 1500 RST,5.3L V8 Gasoline,5300.0,355.0,180.0,7.1,50895.0,Petrol,6,519.0,0,Medium (50k-100k)
Chevrolet,Colorado ZR2,2.8L Turbo Diesel I4,2800.0,181.0,160.0,9.1,48295.0,Diesel,5,500.0,2,Low (<50k)
Chevrolet,Traverse Premier,3.6L V6 Gasoline,3600.0,310.0,210.0,7.0,46600.0,Petrol,7,360.0,0,Low (<50k)
Chevrolet,Equinox Premier,1.5L Turbo Inline-4 Gasoline,1500.0,170.0,200.0,8.8,33400.0,Petrol,5,275.0,2,Low (<50k)
Chevrolet,Blazer RS,3.6L V6 Gasoline,3600.0,308.0,220.0,6.6,48900.0,Petrol,5,366.0,0,Low (<50k)
Chevrolet,Bolt EV 2LT,Single Electric Motor,66.0,200.0,150.0,6.7,28795.0,Electric,5,360.0,2,Low (<50k)
Chevrolet,Camaro SS,6.2L V8 Gasoline,6200.0,455.0,290.0,4.3,43500.0,Petrol,4,617.0,0,Low (<50k)
Chevrolet,Corvette Grand Sport,6.2L V8 Gasoline,6200.0,460.0,290.0,3.9,65900.0,Petrol,2,630.0,1,Medium (50k-100k)
Chevrolet,Traverse RS,3.6L V6 Gasoline,3600.0,310.0,210.0,7.0,43700.0,Petrol,7,360.0,0,Low (<50k)
Chevrolet,Blazer Premier,3.6L V6 Gasoline,3600.0,308.0,220.0,6.6,45000.0,Petrol,5,366.0,0,Low (<50k)
Chevrolet,Malibu LT,1.5L Turbo Inline-4 Gasoline,1500.0,160.0,210.0,8.5,25800.0,Petrol,5,250.0,2,Low (<50k)
Chevrolet,Spark Activ,1.4L Inline-4 Gasoline,1400.0,98.0,180.0,11.0,17595.0,Petrol,5,127.0,2,Low (<50k)
Chevrolet,Trax LT,1.2L Turbo Inline-3 Gasoline,1200.0,137.0,200.0,9.2,24100.0,Petrol,5,220.0,2,Low (<50k)
Chevrolet,Equinox LT,1.5L Turbo Inline-4 Gasoline,1500.0,170.0,200.0,8.9,28400.0,Petrol,5,275.0,2,Low (<50k)
Chevrolet,Colorado WT,2.7L Turbo Inline-4 Gasoline,2700.0,310.0,190.0,6.9,29200.0,Petrol,5,583.0,0,Low (<50k)
Chevrolet,Suburban High Country,6.2L V8 Gasoline,6200.0,420.0,200.0,7.0,82400.0,Petrol,8,624.0,0,Medium (50k-100k)
Chevrolet,Silverado Custom,4.3L V6 Gasoline,4300.0,285.0,180.0,8.5,33900.0,Petrol,6,413.0,0,Low (<50k)
Chevrolet,Spark LS,1.4L Inline-4 Gasoline,1400.0,98.0,180.0,10.9,14395.0,Petrol,5,127.0,2,Low (<50k)
Chevrolet,Traverse LT,3.6L V6 Gasoline,3600.0,310.0,210.0,7.1,37200.0,Petrol,7,360.0,0,Low (<50k)
Chevrolet,Blazer LT,2.5L Inline-4 Gasoline,2500.0,193.0,200.0,9.0,36100.0,Petrol,5,255.0,2,Low (<50k)
Chevrolet,Malibu Premier,2.0L Turbo Inline-4 Gasoline,2000.0,250.0,240.0,5.8,34500.0,Petrol,5,353.0,0,Low (<50k)
Chevrolet,Equinox RS,1.5L Turbo Inline-4 Gasoline,1500.0,170.0,200.0,8.8,31900.0,Petrol,5,275.0,2,Low (<50k)
Chevrolet,Silverado 1500 Custom,4.3L V6 Gasoline,4300.0,285.0,180.0,8.6,34900.0,Petrol,6,413.0,0,Low (<50k)
Chevrolet,Tahoe RST,5.3L V8 Gasoline,5300.0,355.0,180.0,7.4,64100.0,Petrol,7,519.0,0,Medium (50k-100k)
Chevrolet,Suburban LT,5.3L V8 Gasoline,5300.0,355.0,180.0,5.1,64400.0,Petrol,8,519.0,0,Medium (50k-100k)
Chevrolet,Bolt EV Premier,Single Electric Motor,66.0,200.0,150.0,6.5,31700.0,Electric,5,360.0,2,Low (<50k)
Chevrolet,Tahoe LS,5.3L V8 Gasoline,5300.0,355.0,180.0,7.5,56995.0,Petrol,8,519.0,0,Medium (50k-100k)
Chevrolet,Tahoe LT,5.3L V8 Gasoline,5300.0,355.0,180.0,7.4,62495.0,Petrol,8,519.0,0,Medium (50k-100k)
Chevrolet,Tahoe RST,5.3L V8 Gasoline,5300.0,355.0,180.0,7.4,64100.0,Petrol,7,519.0,0,Medium (50k-100k)
Chevrolet,Tahoe Z71,5.3L V8 Gasoline,5300.0,355.0,180.0,7.6,66700.0,Petrol,7,519.0,0,Medium (50k-100k)
Chevrolet,Tahoe Premier,6.2L V8 Gasoline,6200.0,420.0,200.0,6.8,71600.0,Petrol,7,624.0,0,Medium (50k-100k)
Chevrolet,Tahoe High Country,6.2L V8 Gasoline,6200.0,420.0,200.0,6.7,76700.0,Petrol,7,624.0,0,Medium (50k-100k)
Chevrolet,Tahoe Midnight Edition,5.3L V8 Gasoline,5300.0,355.0,180.0,7.5,65500.0,Petrol,8,519.0,0,Medium (50k-100k)
Chevrolet,Tahoe Sport Edition,6.2L V8 Gasoline,6200.0,420.0,200.0,6.8,70000.0,Petrol,7,624.0,0,Medium (50k-100k)
GMC,Terrain,1.5L Turbo 4-cylinder,1500.0,175.0,190.0,9.5,29900.0,Petrol,5,275.0,2,Low (<50k)
GMC,Acadia,2.0L Turbo 4-cylinder,2000.0,228.0,200.0,7.8,36800.0,Petrol,7,350.0,2,Low (<50k)
GMC,Yukon,5.3L V8 Gasoline,5300.0,355.0,180.0,7.4,57400.0,Petrol,8,519.0,0,Medium (50k-100k)
GMC,Yukon XL,6.2L V8 Gasoline,6200.0,420.0,200.0,6.9,61100.0,Petrol,8,624.0,0,Medium (50k-100k)
GMC,Canyon,2.7L Turbo 4-cylinder,2700.0,310.0,190.0,7.6,36900.0,Petrol,5,583.0,0,Low (<50k)
GMC,Sierra 1500,5.3L V8 Gasoline,5300.0,355.0,180.0,7.3,37100.0,Petrol,6,519.0,0,Low (<50k)
GMC,Sierra 2500HD,6.6L V8 Diesel,6600.0,401.0,175.0,7.5,43900.0,Diesel,6,629.0,0,Low (<50k)
GMC,Hummer EV Pickup,Dual-Motor Electric,212.0,625.0,170.0,3.0,108700.0,Electric,5,1000.0,1,High (100k-200k)
GMC,Hummer EV SUV,Dual-Motor Electric,212.0,625.0,170.0,3.5,105600.0,Electric,5,1000.0,1,High (100k-200k)
GMC,Yukon Denali,6.2L V8 Gasoline,6200.0,420.0,200.0,6.8,72800.0,Petrol,8,624.0,0,Medium (50k-100k)
GMC,Sierra Denali,6.2L V8 Gasoline,6200.0,420.0,190.0,6.7,66800.0,Petrol,6,624.0,0,Medium (50k-100k)
GMC,Terrain AT4,1.5L Turbo 4-cylinder,1500.0,175.0,190.0,9.6,36500.0,Petrol,5,275.0,2,Low (<50k)
GMC,Acadia AT4,3.6L V6 Gasoline,3600.0,310.0,210.0,7.6,41400.0,Petrol,6,366.0,0,Low (<50k)
GMC,Sierra 1500 AT4,5.3L V8 Gasoline,5300.0,355.0,180.0,7.4,53800.0,Petrol,6,519.0,0,Medium (50k-100k)
GMC,Sierra Elevation,2.7L Turbo 4-cylinder,2700.0,310.0,190.0,7.6,45000.0,Petrol,5,583.0,0,Low (<50k)
GMC,Canyon AT4,2.7L Turbo 4-cylinder,2700.0,310.0,190.0,7.5,43900.0,Petrol,5,583.0,0,Low (<50k)
GMC,Canyon Denali,2.7L Turbo 4-cylinder,2700.0,310.0,190.0,7.5,48000.0,Petrol,5,583.0,0,Low (<50k)
GMC,Yukon XL Denali Ultimate,6.2L V8 Gasoline,6200.0,420.0,200.0,6.7,93800.0,Petrol,8,624.0,0,Medium (50k-100k)
GMC,Terrain Denali,1.5L Turbo 4-cylinder,1500.0,175.0,190.0,9.5,38600.0,Petrol,5,275.0,2,Low (<50k)
GMC,Acadia Denali,3.6L V6 engine,3564.0,310.0,210.0,6.5,54300.0,Petrol,7,366.0,0,Medium (50k-100k)
GMC,Yukon AT4,5.3L V8 engine,5327.0,355.0,210.0,7.1,71505.0,Petrol,8,519.0,0,Medium (50k-100k)
GMC,Yukon XL AT4,5.3L V8 engine,5327.0,355.0,210.0,7.3,73305.0,Petrol,8,519.0,0,Medium (50k-100k)
GMC,Sierra 1500 Elevation,2.7L Turbo engine,2713.0,310.0,180.0,7.0,52000.0,Petrol,5,569.0,0,Medium (50k-100k)
GMC,Sierra 1500 SLT,5.3L V8 engine,5327.0,355.0,180.0,6.8,56000.0,Petrol,5,519.0,0,Medium (50k-100k)
GMC,Sierra 2500HD AT4,6.6L V8 engine,6600.0,401.0,170.0,7.5,70000.0,Petrol,5,629.0,0,Medium (50k-100k)
GMC,Sierra 3500HD AT4,6.6L V8 engine,6600.0,401.0,170.0,7.7,72000.0,Petrol,5,629.0,0,Medium (50k-100k)
GMC,Canyon Elevation,2.5L I4 engine,2488.0,200.0,175.0,8.5,36300.0,Petrol,5,259.0,2,Low (<50k)
GMC,Canyon Denali Black Edition,3.6L V6 engine,3564.0,308.0,180.0,6.9,44000.0,Petrol,5,373.0,0,Low (<50k)
GMC,Sierra 1500 Denali Ultimate,6.2L V8 engine,6162.0,420.0,200.0,5.8,80000.0,Petrol,5,624.0,0,Medium (50k-100k)
GMC,Yukon XL Denali Reserve,6.2L V8 engine,6162.0,420.0,210.0,6.0,82000.0,Petrol,7,624.0,0,Medium (50k-100k)
GMC,Terrain Elevation Edition,1.5L Turbocharged I4 engine,1490.0,170.0,200.0,9.3,28700.0,Petrol,5,275.0,2,Low (<50k)
GMC,Acadia Black Edition,3.6L V6 engine,3564.0,310.0,210.0,6.5,45000.0,Petrol,7,366.0,0,Low (<50k)
GMC,Sierra Denali CarbonPro,6.2L V8 engine,6162.0,420.0,200.0,5.8,65000.0,Petrol,5,624.0,0,Medium (50k-100k)
GMC,Yukon Denali Performance,6.2L V8 engine,6162.0,420.0,210.0,6.0,76805.0,Petrol,8,624.0,0,Medium (50k-100k)
GMC,Sierra 2500HD Denali Black Edition,6.6L V8 engine,6600.0,401.0,170.0,7.5,75000.0,Petrol,5,629.0,0,Medium (50k-100k)
GMC,Canyon AT4X,3.6L V6 engine,3564.0,308.0,180.0,6.9,50000.0,Petrol,5,373.0,0,Low (<50k)
GMC,Yukon XL SLT,5.3L V8 engine,5327.0,355.0,210.0,7.3,65000.0,Petrol,8,519.0,0,Medium (50k-100k)
GMC,Sierra 1500 Pro,4.3L V6 engine,4300.0,285.0,180.0,7.5,37700.0,Petrol,3,413.0,0,Low (<50k)
GMC,Sierra 2500HD Pro,6.6L V8 engine,6600.0,401.0,170.0,7.7,60000.0,Petrol,3,629.0,0,Medium (50k-100k)
GMC,Sierra 3500HD Pro,6.6L V8 engine,6600.0,401.0,170.0,7.8,62000.0,Petrol,3,629.0,0,Medium (50k-100k)
GMC,Terrain SLT,1.5L Turbocharged I4 engine,1490.0,170.0,200.0,9.4,31000.0,Petrol,5,275.0,2,Low (<50k)
GMC,Acadia SLE,3.6L V6 engine,3564.0,310.0,210.0,6.6,40000.0,Petrol,7,366.0,0,Low (<50k)
GMC,Canyon SLT,2.5L I4 engine,2488.0,200.0,175.0,8.6,38000.0,Petrol,5,259.0,2,Low (<50k)
GMC,Yukon XL Elevation,5.3L V8 engine,5327.0,355.0,210.0,7.4,75000.0,Petrol,8,519.0,0,Medium (50k-100k)
GMC,Sierra 1500 AT4X,6.2L V8 engine,6162.0,420.0,200.0,5.9,82000.0,Petrol,5,624.0,0,Medium (50k-100k)
GMC,Canyon AT4X Edition 1,3.6L V6 engine,3564.0,308.0,180.0,6.8,55000.0,Petrol,5,373.0,0,Medium (50k-100k)
GMC,Yukon Denali Ultimate Black,6.2L V8 engine,6162.0,420.0,210.0,6.0,90000.0,Petrol,8,624.0,0,Medium (50k-100k)
GMC,Sierra HD Denali Reserve,6.6L V8 engine,6600.0,401.0,170.0,7.5,85000.0,Petrol,5,629.0,0,Medium (50k-100k)
GMC,Acadia Denali Ultimate,3.6L V6 engine,3564.0,310.0,210.0,6.5,60000.0,Petrol,7,366.0,0,Medium (50k-100k)
GMC,Terrain All-Terrain Edition,1.5L Turbocharged I4 engine,1490.0,170.0,200.0,9.3,35000.0,Petrol,5,275.0,2,Low (<50k)
GMC,Yukon Trailering Edition,5.3L V8 engine,5327.0,355.0,210.0,7.5,78000.0,Petrol,8,519.0,0,Medium (50k-100k)
Kia,Rio,1.6L 4-Cylinder,1591.0,120.0,180.0,10.3,17000.0,Petrol,5,151.0,2,Low (<50k)
Kia,Rio 5-Door,1.6L 4-Cylinder,1591.0,120.0,180.0,10.3,18000.0,Petrol,5,151.0,2,Low (<50k)
Kia,Seltos Nightfall Edition,1.6L Turbocharged 4-Cylinder,1591.0,175.0,210.0,7.5,28000.0,Petrol,5,264.0,2,Low (<50k)
Peugeot,508 PSE (Peugeot Sport Engineered),Hybrid I4 + Electric Motor,1599.0,360.0,250.0,5.2,55000.0,Hybrid,5,520.0,0,Medium (50k-100k)
Kia,Sorento X-Line,2.5L Turbocharged 4-Cylinder,2500.0,277.0,220.0,7.0,42000.0,Petrol,7,421.0,0,Low (<50k)
Kia,Telluride SX,3.8L V6,3778.0,291.0,240.0,7.0,50000.0,Petrol,7,355.0,0,Low (<50k)
Kia,Forte LXS,2.0L 4-Cylinder,1999.0,147.0,190.0,9.2,19000.0,Petrol,5,179.0,2,Low (<50k)
Kia,K5 EX,1.6L Turbocharged 4-Cylinder,1591.0,180.0,220.0,7.8,28500.0,Petrol,5,264.0,2,Low (<50k)
Kia,Niro Plug-In Hybrid,1.6L 4-Cylinder Hybrid,1591.0,139.0,180.0,10.5,33000.0,Hybrid,5,265.0,2,Low (<50k)
Kia,EV6 Wind,Electric Motor,77.4,225.0,190.0,5.2,50000.0,Electric,5,350.0,2,Low (<50k)
Kia,Soul Turbo,1.6L Turbocharged 4-Cylinder,1591.0,201.0,200.0,6.5,28000.0,Petrol,5,264.0,2,Low (<50k)
Kia,Seltos SX,1.6L Turbocharged 4-Cylinder,1591.0,175.0,210.0,7.5,28500.0,Petrol,5,264.0,2,Low (<50k)
Kia,Stinger Scorpion Edition,2.5L Turbocharged 4-Cylinder,2500.0,300.0,270.0,5.0,55000.0,Petrol,5,422.0,0,Medium (50k-100k)
Kia,Sorento Hybrid SX Prestige,1.6L Hybrid Turbocharged 4-Cylinder,1591.0,227.0,200.0,7.9,47000.0,Hybrid,7,352.0,2,Low (<50k)
Kia,Carnival EX,3.5L V6,3500.0,290.0,220.0,8.0,42500.0,Petrol,8,355.0,0,Low (<50k)
Kia,Telluride Nightfall Edition,3.8L V6,3778.0,291.0,240.0,7.0,51000.0,Petrol,7,355.0,0,Medium (50k-100k)
Peugeot,508 Plug-In Hybrid,Hybrid I4 + Electric Motor,1598.0,225.0,210.0,7.5,44000.0,Hybrid,5,360.0,2,Low (<50k)
Kia,EV6 First Edition,Electric Motor,77.4,320.0,230.0,5.0,58000.0,Electric,5,450.0,0,Medium (50k-100k)
Kia,Niro Touring,1.6L 4-Cylinder Hybrid,1591.0,139.0,180.0,10.5,33000.0,Hybrid,5,265.0,2,Low (<50k)
Kia,Forte GT-Line,1.6L Turbocharged 4-Cylinder,1591.0,201.0,200.0,6.5,25000.0,Petrol,5,264.0,2,Low (<50k)
Kia,Seltos EX,2.0L 4-Cylinder,1999.0,146.0,190.0,9.0,23500.0,Petrol,5,179.0,2,Low (<50k)
Peugeot,3008 Plug-In Hybrid,Hybrid I4 + Electric Motor,1598.0,225.0,210.0,7.0,42000.0,Hybrid,5,360.0,2,Low (<50k)
Kia,Sorento LX,2.5L 4-Cylinder,2500.0,191.0,210.0,8.5,35500.0,Petrol,7,246.0,2,Low (<50k)
Kia,Telluride EX,3.8L V6,3778.0,291.0,240.0,7.0,44000.0,Petrol,7,355.0,0,Low (<50k)
Kia,Soul EX,2.0L 4-Cylinder,1999.0,147.0,190.0,9.5,22000.0,Petrol,5,179.0,2,Low (<50k)
Kia,Forte FE,2.0L 4-Cylinder,1999.0,147.0,190.0,9.2,18500.0,Petrol,5,179.0,2,Low (<50k)
Kia,K5 GT-Line,1.6L Turbocharged 4-Cylinder,1591.0,180.0,220.0,7.8,29000.0,Petrol,5,264.0,2,Low (<50k)
Kia,Carnival LXS,3.5L V6,3500.0,290.0,220.0,8.0,39500.0,Petrol,8,355.0,0,Low (<50k)
Kia,EV6 Light,Electric Motor,77.4,225.0,190.0,5.2,46000.0,Electric,5,350.0,2,Low (<50k)
Kia,Niro EX,1.6L 4-Cylinder Hybrid,1591.0,139.0,180.0,10.5,30000.0,Hybrid,5,265.0,2,Low (<50k)
Kia,Stinger GT,3.3L Turbocharged V6,3300.0,365.0,270.0,4.7,51500.0,Petrol,5,510.0,0,Medium (50k-100k)
Kia,Sorento SX Prestige,2.5L Hybrid Turbocharged 4-Cylinder,1591.0,227.0,200.0,7.9,48000.0,Hybrid,7,352.0,2,Low (<50k)
Kia,Telluride SX Prestige,3.8L V6,3778.0,291.0,240.0,7.0,52000.0,Petrol,7,355.0,0,Medium (50k-100k)
Peugeot,508 Hybrid4,Hybrid I4 + Electric Motor,1598.0,300.0,235.0,6.0,47000.0,Hybrid,5,520.0,0,Low (<50k)
Kia,EV6 GT Performance,Electric Motor,77.4,577.0,260.0,3.5,65000.0,Electric,5,740.0,1,Medium (50k-100k)
Kia,Niro SX Touring,1.6L 4-Cylinder Hybrid,1591.0,139.0,180.0,10.5,34500.0,Hybrid,5,265.0,2,Low (<50k)
Kia,Carnival SX Prestige,3.5L V6,3500.0,290.0,220.0,8.0,47000.0,Petrol,8,355.0,0,Low (<50k)
Kia,Seltos SX Turbo,1.6L Turbocharged 4-Cylinder,1591.0,175.0,210.0,7.5,32000.0,Petrol,5,264.0,2,Low (<50k)
Kia,Forte EX Premium,2.0L 4-Cylinder,1999.0,147.0,190.0,9.2,22500.0,Petrol,5,179.0,2,Low (<50k)
Kia,Soul EX Designer Edition,2.0L 4-Cylinder,1999.0,147.0,190.0,9.5,23500.0,Petrol,5,179.0,2,Low (<50k)
Kia,Rio S,1.6L 4-Cylinder,1591.0,120.0,180.0,10.3,17500.0,Petrol,5,151.0,2,Low (<50k)
Kia,Rio 5-Door S,1.6L 4-Cylinder,1591.0,120.0,180.0,10.3,18000.0,Petrol,5,151.0,2,Low (<50k)
Kia,Soul S,2.0L 4-Cylinder,1999.0,147.0,190.0,9.5,20500.0,Petrol,5,179.0,2,Low (<50k)
Kia,Seltos LX,2.0L 4-Cylinder,1999.0,146.0,190.0,9.2,23000.0,Petrol,5,179.0,2,Low (<50k)
Peugeot,3008 Hybrid4,Hybrid I4+ Electric Motor,1599.0,300.0,235.0,6.0,45000.0,Hybrid,5,520.0,0,Low (<50k)
Kia,Sorento Hybrid EX,1.6L Hybrid Turbocharged 4-Cylinder,1591.0,227.0,200.0,7.9,47000.0,Hybrid,7,352.0,2,Low (<50k)
Kia,Telluride LX,3.8L V6,3778.0,291.0,240.0,7.0,41500.0,Petrol,7,355.0,0,Low (<50k)
Kia,Carnival MPV EX,3.5L V6,3500.0,290.0,220.0,8.0,43500.0,Petrol,8,355.0,0,Low (<50k)
Kia,EV6 AWD GT-Line,Electric Motor,77.4,320.0,230.0,5.0,60000.0,Electric,5,450.0,0,Medium (50k-100k)
Kia,Forte GT Turbo,1.6L Turbocharged 4-Cylinder,1591.0,201.0,200.0,6.5,25500.0,Petrol,5,264.0,2,Low (<50k)
Kia,Soul GT Designer Edition,2.0L 4-Cylinder,1999.0,147.0,190.0,9.5,23000.0,Petrol,5,179.0,2,Low (<50k)
Kia,Seltos X-Line Turbo,1.6L Turbocharged 4-Cylinder,1591.0,175.0,210.0,7.5,30000.0,Petrol,5,264.0,2,Low (<50k)
Peugeot,e-2008 GT,Electric Motor,50.0,136.0,200.0,8.5,40000.0,Electric,5,260.0,2,Low (<50k)
Kia,Telluride Limited Edition,3.8L V6,3778.0,291.0,240.0,7.0,53000.0,Petrol,7,355.0,0,Medium (50k-100k)
Kia,Stinger GT-Line,2.5L Turbocharged 4-Cylinder,2500.0,300.0,270.0,5.0,50000.0,Petrol,5,422.0,0,Low (<50k)
Kia,Carnival Special Edition,3.5L V6,3500.0,290.0,220.0,8.0,45500.0,Petrol,8,355.0,0,Low (<50k)
Kia,Niro SX Hybrid,1.6L Hybrid Turbocharged 4-Cylinder,1591.0,139.0,180.0,10.5,36000.0,Hybrid,5,265.0,2,Low (<50k)
Kia,EV6 First Edition AWD,Electric Motor,77.4,320.0,230.0,5.0,62000.0,Electric,5,450.0,0,Medium (50k-100k)
Kia,Sorento X-Pro Hybrid,1.6L Hybrid Turbocharged 4-Cylinder,1591.0,227.0,200.0,7.8,49000.0,Hybrid,7,352.0,2,Low (<50k)
Kia,Forte Limited Edition,2.0L 4-Cylinder,1999.0,147.0,190.0,9.2,22500.0,Petrol,5,179.0,2,Low (<50k)
Jaguar Land Rover,Jaguar I-PACE,Electric (Dual Motor),90.0,400.0,200.0,4.8,70000.0,Electric,5,696.0,0,Medium (50k-100k)
Jaguar Land Rover,Jaguar I-PACE Electric Performance,Electric (Dual Motor),90.0,400.0,200.0,4.5,85000.0,Electric,5,696.0,0,Medium (50k-100k)
Jaguar Land Rover,Jaguar I-PACE HSE,Electric (Dual Motor),90.0,400.0,200.0,4.5,90000.0,Electric,5,696.0,0,Medium (50k-100k)
Jaguar Land Rover,Jaguar I-PACE EV400 HSE,Electric (Dual Motor),90.0,400.0,200.0,4.5,85000.0,Electric,5,696.0,0,Medium (50k-100k)
Jaguar Land Rover,Jaguar I-PACE First Edition,Electric (Dual Motor),90.0,400.0,200.0,4.5,85000.0,Electric,5,696.0,0,Medium (50k-100k)
Acura,TLX 2.4L,Inline-4,2400.0,206.0,210.0,6.0,35000.0,Petrol,5,247.0,2,Low (<50k)
Acura,MDX Hybrid,V6 Hybrid,3500.0,321.0,190.0,6.0,55000.0,Hybrid,7,335.0,0,Medium (50k-100k)
Acura,RDX Hybrid,Inline-4 Hybrid,1500.0,247.0,210.0,6.6,50000.0,Hybrid,5,400.0,0,Low (<50k)
Acura,ILX Technology Package,Inline-4,2400.0,201.0,200.0,6.6,30000.0,Petrol,5,180.0,2,Low (<50k)
Acura,NSX GT3 (Track Version),Twin-Turbo V6 Hybrid,3493.0,500.0,300.0,3.0,150000.0,Hybrid,2,600.0,1,High (100k-200k)
Acura,RDX Turbo AWD,Inline-4 Turbocharged,1500.0,272.0,210.0,6.6,45000.0,Petrol,5,400.0,0,Low (<50k)
Acura,TLX 3.5L V6,V6,3500.0,290.0,250.0,5.7,50000.0,Petrol,5,362.0,0,Low (<50k)
Acura,ILX Special Edition,Inline-4,2400.0,201.0,200.0,6.6,30000.0,Petrol,5,180.0,2,Low (<50k)
Acura,MDX SH-AWD w/Technology Package,V6,3500.0,290.0,190.0,6.0,55000.0,Petrol,7,362.0,0,Medium (50k-100k)
Acura,NSX 3.5L Hybrid Coupe,Twin-Turbo V6 Hybrid,3493.0,537.0,307.0,2.9,157000.0,Hybrid,2,666.0,1,High (100k-200k)
Acura,MDX Elite,V6,3500.0,290.0,190.0,6.0,58000.0,Petrol,7,362.0,0,Medium (50k-100k)
Acura,TLX V6 Advance,V6,3500.0,290.0,250.0,5.7,46000.0,Petrol,5,362.0,0,Low (<50k)
Acura,NSX Carbon Edition,Twin-Turbo V6 Hybrid,3493.0,537.0,307.0,2.9,157000.0,Hybrid,2,666.0,1,High (100k-200k)
Acura,RDX Turbo SH-AWD,Turbocharged I4,1500.0,272.0,210.0,6.6,42000.0,Petrol,5,400.0,0,Low (<50k)
Acura,ILX Technology Plus,Inline-4,2400.0,201.0,200.0,6.6,28000.0,Petrol,5,180.0,2,Low (<50k)
Acura,TLX Type S PMC Edition,Turbocharged V6,3000.0,355.0,250.0,5.1,54000.0,Petrol,5,480.0,0,Medium (50k-100k)
Acura,MDX Sport Hybrid,V6 Hybrid,3500.0,321.0,190.0,6.0,52000.0,Hybrid,7,335.0,0,Medium (50k-100k)
Peugeot,208,Inline-4,1199.0,82.0,180.0,10.5,22000.0,Petrol,5,160.0,2,Low (<50k)
Peugeot,2008,Inline-4,1199.0,100.0,190.0,9.0,25000.0,Petrol,5,205.0,2,Low (<50k)
Peugeot,301,Inline-4,1598.0,115.0,185.0,10.0,23500.0,Petrol,5,150.0,2,Low (<50k)
Peugeot,308,Inline-4,1598.0,130.0,200.0,8.0,28000.0,Petrol,5,230.0,2,Low (<50k)
Peugeot,3008,Inline-4,1598.0,180.0,210.0,7.5,32000.0,Petrol,5,400.0,2,Low (<50k)
Peugeot,5008,Inline-4,1998.0,165.0,200.0,9.5,35000.0,Diesel,7,400.0,2,Low (<50k)
Peugeot,508,Inline-4,1998.0,180.0,235.0,8.0,35500.0,Petrol,5,300.0,2,Low (<50k)
Peugeot,Partner,Diesel I4,1560.0,75.0,160.0,12.0,22500.0,Diesel,5,200.0,2,Low (<50k)
Peugeot,Expert,Diesel I4,1997.0,120.0,180.0,10.0,30000.0,Diesel,3,300.0,2,Low (<50k)
Peugeot,Boxer,Diesel I4,2200.0,140.0,160.0,11.0,32000.0,Diesel,3,340.0,2,Low (<50k)
Peugeot,e-208,Electric Motor,50.0,136.0,150.0,8.1,35000.0,Electric,5,260.0,2,Low (<50k)
Peugeot,e-2008,Electric Motor,50.0,136.0,150.0,8.5,38000.0,Electric,5,260.0,2,Low (<50k)
Peugeot,208 GTI,Inline-4,1598.0,208.0,230.0,6.5,28000.0,Petrol,5,300.0,2,Low (<50k)
Peugeot,308 GTI,Inline-4,1598.0,270.0,250.0,6.0,35000.0,Petrol,5,330.0,0,Low (<50k)
Peugeot,508 PSE (Peugeot Sport Engineered),Hybrid I4,1598.0,360.0,250.0,5.2,55000.0,Hybrid,5,520.0,0,Medium (50k-100k)
Peugeot,308 Allure,Inline-4,1199.0,130.0,205.0,9.3,25000.0,Petrol,5,230.0,2,Low (<50k)
Peugeot,2008 Allure,Inline-4,1199.0,130.0,200.0,9.7,27000.0,Petrol,5,230.0,2,Low (<50k)
Peugeot,3008 Allure,Inline-4,1499.0,180.0,210.0,8.0,30000.0,Petrol,5,250.0,2,Low (<50k)
Peugeot,5008 Allure,Inline-4,1499.0,180.0,200.0,8.5,33000.0,Petrol,7,250.0,2,Low (<50k)
Peugeot,508 Allure,Inline-4,1499.0,180.0,225.0,8.0,35000.0,Petrol,5,250.0,2,Low (<50k)
Peugeot,3008 GT,Inline-4,1598.0,200.0,220.0,7.5,35000.0,Petrol,5,280.0,2,Low (<50k)
Peugeot,508 GT,Inline-4,1598.0,225.0,235.0,6.8,40000.0,Petrol,5,300.0,2,Low (<50k)
Peugeot,3008 GT Hybrid,Hybrid I4,1598.0,300.0,235.0,6.0,45000.0,Hybrid,5,400.0,0,Low (<50k)
Peugeot,5008 GT Hybrid,Hybrid I4,1598.0,300.0,210.0,6.5,48000.0,Hybrid,7,400.0,0,Low (<50k)
Peugeot,208 Allure Premium,Inline-4,1199.0,130.0,200.0,9.5,28000.0,Petrol,5,230.0,2,Low (<50k)
Peugeot,Partner Tepee,Inline-4,1560.0,100.0,170.0,12.0,25000.0,Diesel,5,260.0,2,Low (<50k)
Peugeot,Expert L2H1,Inline-4,1997.0,120.0,160.0,13.0,30000.0,Diesel,3,320.0,2,Low (<50k)
Peugeot,Boxer L2H2,Inline-4,2200.0,130.0,140.0,14.0,35000.0,Diesel,3,350.0,2,Low (<50k)
Peugeot,208 PSE (Peugeot Sport Engineered),Hybrid I4,1598.0,225.0,250.0,5.5,45000.0,Hybrid,5,360.0,0,Low (<50k)
Peugeot,308 PSE,Hybrid I4,1598.0,360.0,250.0,5.0,55000.0,Hybrid,5,520.0,0,Medium (50k-100k)
Peugeot,508 PSE,Hybrid I4,1598.0,360.0,250.0,5.2,60000.0,Hybrid,5,520.0,0,Medium (50k-100k)
Peugeot,3008 PSE,Hybrid I4,1598.0,300.0,235.0,6.0,50000.0,Hybrid,5,400.0,0,Low (<50k)
Peugeot,2008 Active,Inline-4,1199.0,100.0,190.0,11.2,22000.0,Petrol,5,205.0,2,Low (<50k)
Peugeot,3008 Active,Inline-4,1499.0,130.0,200.0,10.0,30000.0,Petrol,5,240.0,2,Low (<50k)
Peugeot,5008 Active,Inline-4,1499.0,130.0,190.0,10.5,33000.0,Petrol,7,240.0,2,Low (<50k)
Peugeot,3008 Allure Premium,Inline-4,1499.0,130.0,200.0,9.8,32000.0,Petrol,5,240.0,2,Low (<50k)
Peugeot,5008 Allure Premium,Inline-4,1499.0,130.0,190.0,10.2,35000.0,Petrol,7,240.0,2,Low (<50k)
Peugeot,3008 GT Line,Inline-4,1598.0,180.0,210.0,8.5,35000.0,Petrol,5,250.0,2,Low (<50k)
Peugeot,5008 GT Line,Inline-4,1598.0,180.0,200.0,9.0,38000.0,Petrol,7,250.0,2,Low (<50k)
Peugeot,2008 GT,Inline-4,1199.0,130.0,200.0,9.3,25000.0,Petrol,5,230.0,2,Low (<50k)
Peugeot,5008 GT,Inline-4,1598.0,180.0,210.0,8.2,40000.0,Petrol,7,250.0,2,Low (<50k)
Peugeot,508 SW (Station Wagon),Inline-4,1598.0,180.0,220.0,8.4,35000.0,Petrol,5,300.0,2,Low (<50k)
Peugeot,508 Saloon,Inline-4,1598.0,180.0,210.0,8.6,37000.0,Petrol,5,300.0,2,Low (<50k)
Peugeot,308 Saloon,Inline-4,1199.0,130.0,200.0,9.0,28000.0,Petrol,5,230.0,2,Low (<50k)
Peugeot,301 Sedan,Inline-4,1199.0,82.0,180.0,12.0,20000.0,Petrol,5,115.0,2,Low (<50k)
Peugeot,208 Sedan,Inline-4,1199.0,100.0,190.0,11.2,22000.0,Petrol,5,205.0,2,Low (<50k)
Ford,Mustang,5.0L V8,5000.0,450.0,250.0,4.3,55000.0,Petrol,4,530.0,0,Medium (50k-100k)
Ford,Focus ST,2.3L Turbo Inline-4,2300.0,280.0,250.0,5.7,30000.0,Petrol,5,420.0,0,Low (<50k)
Ford,Fiesta ST,1.5L Turbo Inline-3,1500.0,200.0,230.0,6.5,23000.0,Petrol,5,290.0,2,Low (<50k)
Ford,Bronco Raptor,3.0L Twin-Turbo V6,3000.0,400.0,220.0,5.5,70000.0,Petrol,4,583.0,0,Medium (50k-100k)
Ford,Ranger Raptor,2.7L Twin-Turbo V6,2700.0,392.0,200.0,6.0,45000.0,Petrol,5,583.0,0,Low (<50k)
Ford,F-150 Raptor,3.5L Twin-Turbo V6,3500.0,450.0,200.0,5.0,70000.0,Petrol,5,691.0,0,Medium (50k-100k)
Ford,Puma,Turbocharged Inline-3,1000.0,123.0,191.0,9.6,28000.0,Petrol,5,200.0,2,Low (<50k)
Ford,Territory,Turbocharged Inline-4,1500.0,140.0,180.0,11.0,32000.0,Petrol,5,225.0,2,Low (<50k)
Ford,Everest,Turbocharged Inline-4,2000.0,210.0,190.0,10.5,52000.0,Diesel,7,500.0,2,Medium (50k-100k)
Ford,Flex,Naturally Aspirated V6,3500.0,287.0,200.0,7.9,31000.0,Petrol,7,345.0,0,Low (<50k)
Ford,Transit,EcoBlue Turbo Diesel,2000.0,170.0,160.0,12.0,43455.0,Diesel,215,405.0,2,Low (<50k)
Ford,Transit Connect,Inline-4 Gasoline Engine,2000.0,162.0,175.0,10.5,29365.0,Petrol,27,200.0,2,Low (<50k)
Ford,Mustang Shelby GT500,Supercharged V8,5200.0,760.0,290.0,3.5,79420.0,Petrol,2,847.0,1,Medium (50k-100k)
Ford,Mustang Shelby GT350,Naturally Aspirated V8,5200.0,526.0,280.0,4.0,59140.0,Petrol,2,582.0,0,Medium (50k-100k)
Ford,F-150 Platinum,Turbocharged V6,3500.0,400.0,180.0,6.5,64695.0,Petrol,5,678.0,0,Medium (50k-100k)
Ford,F-150 Limited,Turbocharged V6,3500.0,450.0,190.0,6.1,84910.0,Petrol,5,678.0,0,Medium (50k-100k)
Ford,Explorer Platinum,Turbocharged V6,3000.0,400.0,230.0,6.0,56505.0,Petrol,7,563.0,0,Medium (50k-100k)
Ford,Expedition King Ranch,Turbocharged V6,3500.0,440.0,210.0,6.8,79560.0,Petrol,78,691.0,0,Medium (50k-100k)
Ford,Transit Custom,EcoBlue Turbo Diesel,2000.0,130.0,160.0,12.5,35000.0,Diesel,29,385.0,2,Low (<50k)
Ford,E-Series Cutaway,V8 Gasoline Engine,7300.0,350.0,140.0,13.0,36000.0,Petrol,2,569.0,0,Low (<50k)
Ford,Transit Chassis Cab,EcoBlue Turbo Diesel,2000.0,170.0,160.0,11.5,37000.0,Diesel,2,405.0,2,Low (<50k)
Ford,Transit Electric (E-Transit),Electric Motor,89.0,266.0,140.0,9.0,52000.0,Electric,212,430.0,2,Medium (50k-100k)
Ford,Explorer Plug-in Hybrid,V6 Hybrid + Electric Motor,3000.0,457.0,225.0,6.0,53000.0,Hybrid,7,825.0,0,Medium (50k-100k)
Ford,Maverick Hybrid,I4 Hybrid,2500.0,191.0,180.0,7.8,25000.0,Hybrid,5,210.0,2,Low (<50k)
Ford,Mustang (2024),V8 Gasoline Engine,5000.0,450.0,250.0,4.5,60000.0,Petrol,4,570.0,0,Medium (50k-100k)
Ford,Ranger (2024),I4 Turbo Diesel,2000.0,210.0,180.0,8.0,40000.0,Diesel,5,500.0,2,Low (<50k)
Ford,Escape Plug-in Hybrid (2024),I4 Hybrid,2500.0,221.0,190.0,7.5,38000.0,Hybrid,5,210.0,2,Low (<50k)
Ford,Bronco (2024),V6 EcoBoost,2700.0,310.0,200.0,6.7,45000.0,Petrol,5,542.0,0,Low (<50k)
Ford,Explorer (2024),V6 Turbocharged,3000.0,400.0,230.0,5.9,55000.0,Petrol,7,563.0,0,Medium (50k-100k)
